키워드,계열,대학,광고그룹,티어,검토필요
의대면접,의예,(공통),공통,T0,
의대면접학원,의예,(공통),공통,T0,
의대면접과외,의예,(공통),공통,T0,
의대면접준비,의예,(공통),공통,T0,
의대면접대비,의예,(공통),공통,T0,
의대면접기출,의예,(공통),공통,T0,
의대면접일정,의예,(공통),공통,T0,
의대면접후기,의예,(공통),공통,T0,
의대면접문제,의예,(공통),공통,T0,
의대면접유형,의예,(공통),공통,T0,
의대면접컨설팅,의예,(공통),공통,T0,
2027의대면접,의예,(공통),공통,T0,
의대수시면접,의예,(공통),공통,T0,
의예과면접,의예,(공통),공통,T0,
의대1차발표,의예,(공통),공통,T0,
의대면접복장,의예,(공통),공통,T0,
의대mmi,의예,(공통),공통,T0,
의대mmi면접,의예,(공통),공통,T0,
mmi면접,의예,(공통),공통,T0,
mmi면접준비,의예,(공통),공통,T0,
mmi면접학원,의예,(공통),공통,T0,
다중미니면접,의예,(공통),공통,T0,
의대인적성면접,의예,(공통),공통,T0,
인적성면접,의예,(공통),공통,T0,
의대제시문면접,의예,(공통),공통,T0,
제시문면접,의예,(공통),공통,T0,
의대생기부면접,의예,(공통),공통,T0,
의대서류확인면접,의예,(공통),공통,T0,
의대면접1대1,의예,(공통),공통,T0,
의대면접온라인,의예,(공통),공통,T0,
의대면접줌,의예,(공통),공통,T0,
가천대의대면접,의예,가천대,가천대,T1 핵심,
가천대의대인적성면접,의예,가천대,가천대,T2 유형,
가천대의대생기부면접,의예,가천대,가천대,T2 유형,
가천대의대서류확인면접,의예,가천대,가천대,T2 유형,
가천대의예과면접,의예,가천대,가천대,T1 핵심,
가천대의예과인적성면접,의예,가천대,가천대,T2 유형,
가천대의예과생기부면접,의예,가천대,가천대,T2 유형,
가천대의예과서류확인면접,의예,가천대,가천대,T2 유형,
가천대의대면접기출,의예,가천대,가천대,T3 행동·정보,
가천대의대면접문제,의예,가천대,가천대,T3 행동·정보,
가천대의대면접일,의예,가천대,가천대,T3 행동·정보,
가천대의대면접일정,의예,가천대,가천대,T3 행동·정보,
가천대의대면접준비,의예,가천대,가천대,T3 행동·정보,
가천대의대면접대비,의예,가천대,가천대,T3 행동·정보,
가천대의대면접학원,의예,가천대,가천대,T3 행동·정보,
가천대의대면접과외,의예,가천대,가천대,T3 행동·정보,
가천대의대면접후기,의예,가천대,가천대,T3 행동·정보,
가천의대면접,의예,가천대,가천대,T1 핵심,
가천의대인적성면접,의예,가천대,가천대,T2 유형,
가천의대생기부면접,의예,가천대,가천대,T2 유형,
가천의대서류확인면접,의예,가천대,가천대,T2 유형,
가천의예과면접,의예,가천대,가천대,T1 핵심,
가천의예과인적성면접,의예,가천대,가천대,T2 유형,
가천의예과생기부면접,의예,가천대,가천대,T2 유형,
가천의예과서류확인면접,의예,가천대,가천대,T2 유형,
가천의대면접기출,의예,가천대,가천대,T3 행동·정보,
가천의대면접문제,의예,가천대,가천대,T3 행동·정보,
가천의대면접일,의예,가천대,가천대,T3 행동·정보,
가천의대면접일정,의예,가천대,가천대,T3 행동·정보,
가천의대면접준비,의예,가천대,가천대,T3 행동·정보,
가천의대면접대비,의예,가천대,가천대,T3 행동·정보,
가천의대면접학원,의예,가천대,가천대,T3 행동·정보,
가천의대면접과외,의예,가천대,가천대,T3 행동·정보,
가천의대면접후기,의예,가천대,가천대,T3 행동·정보,
가톨릭대의대면접,의예,가톨릭대,가톨릭대,T1 핵심,
가톨릭대의대mmi,의예,가톨릭대,가톨릭대,T2 유형,
가톨릭대의대mmi면접,의예,가톨릭대,가톨릭대,T2 유형,
가톨릭대의대다중미니면접,의예,가톨릭대,가톨릭대,T2 유형,
가톨릭대의예과면접,의예,가톨릭대,가톨릭대,T1 핵심,
가톨릭대의예과mmi,의예,가톨릭대,가톨릭대,T2 유형,
가톨릭대의예과mmi면접,의예,가톨릭대,가톨릭대,T2 유형,
가톨릭대의예과다중미니면접,의예,가톨릭대,가톨릭대,T2 유형,
가톨릭대의대면접기출,의예,가톨릭대,가톨릭대,T3 행동·정보,
가톨릭대의대면접문제,의예,가톨릭대,가톨릭대,T3 행동·정보,
가톨릭대의대면접일,의예,가톨릭대,가톨릭대,T3 행동·정보,
가톨릭대의대면접일정,의예,가톨릭대,가톨릭대,T3 행동·정보,
가톨릭대의대면접준비,의예,가톨릭대,가톨릭대,T3 행동·정보,
가톨릭대의대면접대비,의예,가톨릭대,가톨릭대,T3 행동·정보,
가톨릭대의대면접학원,의예,가톨릭대,가톨릭대,T3 행동·정보,
가톨릭대의대면접과외,의예,가톨릭대,가톨릭대,T3 행동·정보,
가톨릭대의대면접후기,의예,가톨릭대,가톨릭대,T3 행동·정보,
카톨릭대의대면접,의예,가톨릭대,가톨릭대,T1 핵심,
카톨릭대의대mmi,의예,가톨릭대,가톨릭대,T2 유형,
카톨릭대의대mmi면접,의예,가톨릭대,가톨릭대,T2 유형,
카톨릭대의대다중미니면접,의예,가톨릭대,가톨릭대,T2 유형,
카톨릭대의예과면접,의예,가톨릭대,가톨릭대,T1 핵심,
카톨릭대의예과mmi,의예,가톨릭대,가톨릭대,T2 유형,
카톨릭대의예과mmi면접,의예,가톨릭대,가톨릭대,T2 유형,
카톨릭대의예과다중미니면접,의예,가톨릭대,가톨릭대,T2 유형,
카톨릭대의대면접기출,의예,가톨릭대,가톨릭대,T3 행동·정보,
카톨릭대의대면접문제,의예,가톨릭대,가톨릭대,T3 행동·정보,
카톨릭대의대면접일,의예,가톨릭대,가톨릭대,T3 행동·정보,
카톨릭대의대면접일정,의예,가톨릭대,가톨릭대,T3 행동·정보,
카톨릭대의대면접준비,의예,가톨릭대,가톨릭대,T3 행동·정보,
카톨릭대의대면접대비,의예,가톨릭대,가톨릭대,T3 행동·정보,
카톨릭대의대면접학원,의예,가톨릭대,가톨릭대,T3 행동·정보,
카톨릭대의대면접과외,의예,가톨릭대,가톨릭대,T3 행동·정보,
카톨릭대의대면접후기,의예,가톨릭대,가톨릭대,T3 행동·정보,
가대의대면접,의예,가톨릭대,가톨릭대,T1 핵심,가천대·가톨릭대 혼동 가능
가대의대mmi,의예,가톨릭대,가톨릭대,T2 유형,가천대·가톨릭대 혼동 가능
가대의대mmi면접,의예,가톨릭대,가톨릭대,T2 유형,가천대·가톨릭대 혼동 가능
가대의대다중미니면접,의예,가톨릭대,가톨릭대,T2 유형,가천대·가톨릭대 혼동 가능
가대의예과면접,의예,가톨릭대,가톨릭대,T1 핵심,가천대·가톨릭대 혼동 가능
가대의예과mmi,의예,가톨릭대,가톨릭대,T2 유형,가천대·가톨릭대 혼동 가능
가대의예과mmi면접,의예,가톨릭대,가톨릭대,T2 유형,가천대·가톨릭대 혼동 가능
가대의예과다중미니면접,의예,가톨릭대,가톨릭대,T2 유형,가천대·가톨릭대 혼동 가능
가대의대면접기출,의예,가톨릭대,가톨릭대,T3 행동·정보,가천대·가톨릭대 혼동 가능
가대의대면접문제,의예,가톨릭대,가톨릭대,T3 행동·정보,가천대·가톨릭대 혼동 가능
가대의대면접일,의예,가톨릭대,가톨릭대,T3 행동·정보,가천대·가톨릭대 혼동 가능
가대의대면접일정,의예,가톨릭대,가톨릭대,T3 행동·정보,가천대·가톨릭대 혼동 가능
가대의대면접준비,의예,가톨릭대,가톨릭대,T3 행동·정보,가천대·가톨릭대 혼동 가능
가대의대면접대비,의예,가톨릭대,가톨릭대,T3 행동·정보,가천대·가톨릭대 혼동 가능
가대의대면접학원,의예,가톨릭대,가톨릭대,T3 행동·정보,가천대·가톨릭대 혼동 가능
가대의대면접과외,의예,가톨릭대,가톨릭대,T3 행동·정보,가천대·가톨릭대 혼동 가능
가대의대면접후기,의예,가톨릭대,가톨릭대,T3 행동·정보,가천대·가톨릭대 혼동 가능
가톨릭의대면접,의예,가톨릭대,가톨릭대,T1 핵심,
가톨릭의대mmi,의예,가톨릭대,가톨릭대,T2 유형,
가톨릭의대mmi면접,의예,가톨릭대,가톨릭대,T2 유형,
가톨릭의대다중미니면접,의예,가톨릭대,가톨릭대,T2 유형,
가톨릭의예과면접,의예,가톨릭대,가톨릭대,T1 핵심,
가톨릭의예과mmi,의예,가톨릭대,가톨릭대,T2 유형,
가톨릭의예과mmi면접,의예,가톨릭대,가톨릭대,T2 유형,
가톨릭의예과다중미니면접,의예,가톨릭대,가톨릭대,T2 유형,
가톨릭의대면접기출,의예,가톨릭대,가톨릭대,T3 행동·정보,
가톨릭의대면접문제,의예,가톨릭대,가톨릭대,T3 행동·정보,
가톨릭의대면접일,의예,가톨릭대,가톨릭대,T3 행동·정보,
가톨릭의대면접일정,의예,가톨릭대,가톨릭대,T3 행동·정보,
가톨릭의대면접준비,의예,가톨릭대,가톨릭대,T3 행동·정보,
가톨릭의대면접대비,의예,가톨릭대,가톨릭대,T3 행동·정보,
가톨릭의대면접학원,의예,가톨릭대,가톨릭대,T3 행동·정보,
가톨릭의대면접과외,의예,가톨릭대,가톨릭대,T3 행동·정보,
가톨릭의대면접후기,의예,가톨릭대,가톨릭대,T3 행동·정보,
경희대의대면접,의예,경희대,경희대,T1 핵심,
경희대의대인적성면접,의예,경희대,경희대,T2 유형,
경희대의대생기부면접,의예,경희대,경희대,T2 유형,
경희대의대서류확인면접,의예,경희대,경희대,T2 유형,
경희대의예과면접,의예,경희대,경희대,T1 핵심,
경희대의예과인적성면접,의예,경희대,경희대,T2 유형,
경희대의예과생기부면접,의예,경희대,경희대,T2 유형,
경희대의예과서류확인면접,의예,경희대,경희대,T2 유형,
경희대의대면접기출,의예,경희대,경희대,T3 행동·정보,
경희대의대면접문제,의예,경희대,경희대,T3 행동·정보,
경희대의대면접일,의예,경희대,경희대,T3 행동·정보,
경희대의대면접일정,의예,경희대,경희대,T3 행동·정보,
경희대의대면접준비,의예,경희대,경희대,T3 행동·정보,
경희대의대면접대비,의예,경희대,경희대,T3 행동·정보,
경희대의대면접학원,의예,경희대,경희대,T3 행동·정보,
경희대의대면접과외,의예,경희대,경희대,T3 행동·정보,
경희대의대면접후기,의예,경희대,경희대,T3 행동·정보,
경희의대면접,의예,경희대,경희대,T1 핵심,
경희의대인적성면접,의예,경희대,경희대,T2 유형,
경희의대생기부면접,의예,경희대,경희대,T2 유형,
경희의대서류확인면접,의예,경희대,경희대,T2 유형,
경희의예과면접,의예,경희대,경희대,T1 핵심,
경희의예과인적성면접,의예,경희대,경희대,T2 유형,
경희의예과생기부면접,의예,경희대,경희대,T2 유형,
경희의예과서류확인면접,의예,경희대,경희대,T2 유형,
경희의대면접기출,의예,경희대,경희대,T3 행동·정보,
경희의대면접문제,의예,경희대,경희대,T3 행동·정보,
경희의대면접일,의예,경희대,경희대,T3 행동·정보,
경희의대면접일정,의예,경희대,경희대,T3 행동·정보,
경희의대면접준비,의예,경희대,경희대,T3 행동·정보,
경희의대면접대비,의예,경희대,경희대,T3 행동·정보,
경희의대면접학원,의예,경희대,경희대,T3 행동·정보,
경희의대면접과외,의예,경희대,경희대,T3 행동·정보,
경희의대면접후기,의예,경희대,경희대,T3 행동·정보,
고려대의대면접,의예,고려대,고려대,T1 핵심,
고려대의대mmi,의예,고려대,고려대,T2 유형,
고려대의대mmi면접,의예,고려대,고려대,T2 유형,
고려대의대다중미니면접,의예,고려대,고려대,T2 유형,
고려대의예과면접,의예,고려대,고려대,T1 핵심,
고려대의예과mmi,의예,고려대,고려대,T2 유형,
고려대의예과mmi면접,의예,고려대,고려대,T2 유형,
고려대의예과다중미니면접,의예,고려대,고려대,T2 유형,
고려대의대면접기출,의예,고려대,고려대,T3 행동·정보,
고려대의대면접문제,의예,고려대,고려대,T3 행동·정보,
고려대의대면접일,의예,고려대,고려대,T3 행동·정보,
고려대의대면접일정,의예,고려대,고려대,T3 행동·정보,
고려대의대면접준비,의예,고려대,고려대,T3 행동·정보,
고려대의대면접대비,의예,고려대,고려대,T3 행동·정보,
고려대의대면접학원,의예,고려대,고려대,T3 행동·정보,
고려대의대면접과외,의예,고려대,고려대,T3 행동·정보,
고려대의대면접후기,의예,고려대,고려대,T3 행동·정보,
고대의대면접,의예,고려대,고려대,T1 핵심,
고대의대mmi,의예,고려대,고려대,T2 유형,
고대의대mmi면접,의예,고려대,고려대,T2 유형,
고대의대다중미니면접,의예,고려대,고려대,T2 유형,
고대의예과면접,의예,고려대,고려대,T1 핵심,
고대의예과mmi,의예,고려대,고려대,T2 유형,
고대의예과mmi면접,의예,고려대,고려대,T2 유형,
고대의예과다중미니면접,의예,고려대,고려대,T2 유형,
고대의대면접기출,의예,고려대,고려대,T3 행동·정보,
고대의대면접문제,의예,고려대,고려대,T3 행동·정보,
고대의대면접일,의예,고려대,고려대,T3 행동·정보,
고대의대면접일정,의예,고려대,고려대,T3 행동·정보,
고대의대면접준비,의예,고려대,고려대,T3 행동·정보,
고대의대면접대비,의예,고려대,고려대,T3 행동·정보,
고대의대면접학원,의예,고려대,고려대,T3 행동·정보,
고대의대면접과외,의예,고려대,고려대,T3 행동·정보,
고대의대면접후기,의예,고려대,고려대,T3 행동·정보,
고려의대면접,의예,고려대,고려대,T1 핵심,
고려의대mmi,의예,고려대,고려대,T2 유형,
고려의대mmi면접,의예,고려대,고려대,T2 유형,
고려의대다중미니면접,의예,고려대,고려대,T2 유형,
고려의예과면접,의예,고려대,고려대,T1 핵심,
고려의예과mmi,의예,고려대,고려대,T2 유형,
고려의예과mmi면접,의예,고려대,고려대,T2 유형,
고려의예과다중미니면접,의예,고려대,고려대,T2 유형,
고려의대면접기출,의예,고려대,고려대,T3 행동·정보,
고려의대면접문제,의예,고려대,고려대,T3 행동·정보,
고려의대면접일,의예,고려대,고려대,T3 행동·정보,
고려의대면접일정,의예,고려대,고려대,T3 행동·정보,
고려의대면접준비,의예,고려대,고려대,T3 행동·정보,
고려의대면접대비,의예,고려대,고려대,T3 행동·정보,
고려의대면접학원,의예,고려대,고려대,T3 행동·정보,
고려의대면접과외,의예,고려대,고려대,T3 행동·정보,
고려의대면접후기,의예,고려대,고려대,T3 행동·정보,
서울대의대면접,의예,서울대,서울대,T1 핵심,
서울대의대mmi,의예,서울대,서울대,T2 유형,
서울대의대mmi면접,의예,서울대,서울대,T2 유형,
서울대의대다중미니면접,의예,서울대,서울대,T2 유형,
서울대의예과면접,의예,서울대,서울대,T1 핵심,
서울대의예과mmi,의예,서울대,서울대,T2 유형,
서울대의예과mmi면접,의예,서울대,서울대,T2 유형,
서울대의예과다중미니면접,의예,서울대,서울대,T2 유형,
서울대의대면접기출,의예,서울대,서울대,T3 행동·정보,
서울대의대면접문제,의예,서울대,서울대,T3 행동·정보,
서울대의대면접일,의예,서울대,서울대,T3 행동·정보,
서울대의대면접일정,의예,서울대,서울대,T3 행동·정보,
서울대의대면접준비,의예,서울대,서울대,T3 행동·정보,
서울대의대면접대비,의예,서울대,서울대,T3 행동·정보,
서울대의대면접학원,의예,서울대,서울대,T3 행동·정보,
서울대의대면접과외,의예,서울대,서울대,T3 행동·정보,
서울대의대면접후기,의예,서울대,서울대,T3 행동·정보,
서울의대면접,의예,서울대,서울대,T1 핵심,
서울의대mmi,의예,서울대,서울대,T2 유형,
서울의대mmi면접,의예,서울대,서울대,T2 유형,
서울의대다중미니면접,의예,서울대,서울대,T2 유형,
서울의예과면접,의예,서울대,서울대,T1 핵심,
서울의예과mmi,의예,서울대,서울대,T2 유형,
서울의예과mmi면접,의예,서울대,서울대,T2 유형,
서울의예과다중미니면접,의예,서울대,서울대,T2 유형,
서울의대면접기출,의예,서울대,서울대,T3 행동·정보,
서울의대면접문제,의예,서울대,서울대,T3 행동·정보,
서울의대면접일,의예,서울대,서울대,T3 행동·정보,
서울의대면접일정,의예,서울대,서울대,T3 행동·정보,
서울의대면접준비,의예,서울대,서울대,T3 행동·정보,
서울의대면접대비,의예,서울대,서울대,T3 행동·정보,
서울의대면접학원,의예,서울대,서울대,T3 행동·정보,
서울의대면접과외,의예,서울대,서울대,T3 행동·정보,
서울의대면접후기,의예,서울대,서울대,T3 행동·정보,
설대의대면접,의예,서울대,서울대,T1 핵심,은어 — 검색량 확인 후 등록
설대의대mmi,의예,서울대,서울대,T2 유형,은어 — 검색량 확인 후 등록
설대의대mmi면접,의예,서울대,서울대,T2 유형,은어 — 검색량 확인 후 등록
설대의대다중미니면접,의예,서울대,서울대,T2 유형,은어 — 검색량 확인 후 등록
설대의예과면접,의예,서울대,서울대,T1 핵심,은어 — 검색량 확인 후 등록
설대의예과mmi,의예,서울대,서울대,T2 유형,은어 — 검색량 확인 후 등록
설대의예과mmi면접,의예,서울대,서울대,T2 유형,은어 — 검색량 확인 후 등록
설대의예과다중미니면접,의예,서울대,서울대,T2 유형,은어 — 검색량 확인 후 등록
설대의대면접기출,의예,서울대,서울대,T3 행동·정보,은어 — 검색량 확인 후 등록
설대의대면접문제,의예,서울대,서울대,T3 행동·정보,은어 — 검색량 확인 후 등록
설대의대면접일,의예,서울대,서울대,T3 행동·정보,은어 — 검색량 확인 후 등록
설대의대면접일정,의예,서울대,서울대,T3 행동·정보,은어 — 검색량 확인 후 등록
설대의대면접준비,의예,서울대,서울대,T3 행동·정보,은어 — 검색량 확인 후 등록
설대의대면접대비,의예,서울대,서울대,T3 행동·정보,은어 — 검색량 확인 후 등록
설대의대면접학원,의예,서울대,서울대,T3 행동·정보,은어 — 검색량 확인 후 등록
설대의대면접과외,의예,서울대,서울대,T3 행동·정보,은어 — 검색량 확인 후 등록
설대의대면접후기,의예,서울대,서울대,T3 행동·정보,은어 — 검색량 확인 후 등록
성균관대의대면접,의예,성균관대,성균관대,T1 핵심,
성균관대의대인적성면접,의예,성균관대,성균관대,T2 유형,
성균관대의대생기부면접,의예,성균관대,성균관대,T2 유형,
성균관대의대서류확인면접,의예,성균관대,성균관대,T2 유형,
성균관대의예과면접,의예,성균관대,성균관대,T1 핵심,
성균관대의예과인적성면접,의예,성균관대,성균관대,T2 유형,
성균관대의예과생기부면접,의예,성균관대,성균관대,T2 유형,
성균관대의예과서류확인면접,의예,성균관대,성균관대,T2 유형,
성균관대의대면접기출,의예,성균관대,성균관대,T3 행동·정보,
성균관대의대면접문제,의예,성균관대,성균관대,T3 행동·정보,
성균관대의대면접일,의예,성균관대,성균관대,T3 행동·정보,
성균관대의대면접일정,의예,성균관대,성균관대,T3 행동·정보,
성균관대의대면접준비,의예,성균관대,성균관대,T3 행동·정보,
성균관대의대면접대비,의예,성균관대,성균관대,T3 행동·정보,
성균관대의대면접학원,의예,성균관대,성균관대,T3 행동·정보,
성균관대의대면접과외,의예,성균관대,성균관대,T3 행동·정보,
성균관대의대면접후기,의예,성균관대,성균관대,T3 행동·정보,
성대의대면접,의예,성균관대,성균관대,T1 핵심,성신여대 등과 혼동 가능
성대의대인적성면접,의예,성균관대,성균관대,T2 유형,성신여대 등과 혼동 가능
성대의대생기부면접,의예,성균관대,성균관대,T2 유형,성신여대 등과 혼동 가능
성대의대서류확인면접,의예,성균관대,성균관대,T2 유형,성신여대 등과 혼동 가능
성대의예과면접,의예,성균관대,성균관대,T1 핵심,성신여대 등과 혼동 가능
성대의예과인적성면접,의예,성균관대,성균관대,T2 유형,성신여대 등과 혼동 가능
성대의예과생기부면접,의예,성균관대,성균관대,T2 유형,성신여대 등과 혼동 가능
성대의예과서류확인면접,의예,성균관대,성균관대,T2 유형,성신여대 등과 혼동 가능
성대의대면접기출,의예,성균관대,성균관대,T3 행동·정보,성신여대 등과 혼동 가능
성대의대면접문제,의예,성균관대,성균관대,T3 행동·정보,성신여대 등과 혼동 가능
성대의대면접일,의예,성균관대,성균관대,T3 행동·정보,성신여대 등과 혼동 가능
성대의대면접일정,의예,성균관대,성균관대,T3 행동·정보,성신여대 등과 혼동 가능
성대의대면접준비,의예,성균관대,성균관대,T3 행동·정보,성신여대 등과 혼동 가능
성대의대면접대비,의예,성균관대,성균관대,T3 행동·정보,성신여대 등과 혼동 가능
성대의대면접학원,의예,성균관대,성균관대,T3 행동·정보,성신여대 등과 혼동 가능
성대의대면접과외,의예,성균관대,성균관대,T3 행동·정보,성신여대 등과 혼동 가능
성대의대면접후기,의예,성균관대,성균관대,T3 행동·정보,성신여대 등과 혼동 가능
성균관의대면접,의예,성균관대,성균관대,T1 핵심,
성균관의대인적성면접,의예,성균관대,성균관대,T2 유형,
성균관의대생기부면접,의예,성균관대,성균관대,T2 유형,
성균관의대서류확인면접,의예,성균관대,성균관대,T2 유형,
성균관의예과면접,의예,성균관대,성균관대,T1 핵심,
성균관의예과인적성면접,의예,성균관대,성균관대,T2 유형,
성균관의예과생기부면접,의예,성균관대,성균관대,T2 유형,
성균관의예과서류확인면접,의예,성균관대,성균관대,T2 유형,
성균관의대면접기출,의예,성균관대,성균관대,T3 행동·정보,
성균관의대면접문제,의예,성균관대,성균관대,T3 행동·정보,
성균관의대면접일,의예,성균관대,성균관대,T3 행동·정보,
성균관의대면접일정,의예,성균관대,성균관대,T3 행동·정보,
성균관의대면접준비,의예,성균관대,성균관대,T3 행동·정보,
성균관의대면접대비,의예,성균관대,성균관대,T3 행동·정보,
성균관의대면접학원,의예,성균관대,성균관대,T3 행동·정보,
성균관의대면접과외,의예,성균관대,성균관대,T3 행동·정보,
성균관의대면접후기,의예,성균관대,성균관대,T3 행동·정보,
아주대의대면접,의예,아주대,아주대,T1 핵심,
아주대의대인적성면접,의예,아주대,아주대,T2 유형,
아주대의대생기부면접,의예,아주대,아주대,T2 유형,
아주대의대서류확인면접,의예,아주대,아주대,T2 유형,
아주대의예과면접,의예,아주대,아주대,T1 핵심,
아주대의예과인적성면접,의예,아주대,아주대,T2 유형,
아주대의예과생기부면접,의예,아주대,아주대,T2 유형,
아주대의예과서류확인면접,의예,아주대,아주대,T2 유형,
아주대의대면접기출,의예,아주대,아주대,T3 행동·정보,
아주대의대면접문제,의예,아주대,아주대,T3 행동·정보,
아주대의대면접일,의예,아주대,아주대,T3 행동·정보,
아주대의대면접일정,의예,아주대,아주대,T3 행동·정보,
아주대의대면접준비,의예,아주대,아주대,T3 행동·정보,
아주대의대면접대비,의예,아주대,아주대,T3 행동·정보,
아주대의대면접학원,의예,아주대,아주대,T3 행동·정보,
아주대의대면접과외,의예,아주대,아주대,T3 행동·정보,
아주대의대면접후기,의예,아주대,아주대,T3 행동·정보,
아주의대면접,의예,아주대,아주대,T1 핵심,
아주의대인적성면접,의예,아주대,아주대,T2 유형,
아주의대생기부면접,의예,아주대,아주대,T2 유형,
아주의대서류확인면접,의예,아주대,아주대,T2 유형,
아주의예과면접,의예,아주대,아주대,T1 핵심,
아주의예과인적성면접,의예,아주대,아주대,T2 유형,
아주의예과생기부면접,의예,아주대,아주대,T2 유형,
아주의예과서류확인면접,의예,아주대,아주대,T2 유형,
아주의대면접기출,의예,아주대,아주대,T3 행동·정보,
아주의대면접문제,의예,아주대,아주대,T3 행동·정보,
아주의대면접일,의예,아주대,아주대,T3 행동·정보,
아주의대면접일정,의예,아주대,아주대,T3 행동·정보,
아주의대면접준비,의예,아주대,아주대,T3 행동·정보,
아주의대면접대비,의예,아주대,아주대,T3 행동·정보,
아주의대면접학원,의예,아주대,아주대,T3 행동·정보,
아주의대면접과외,의예,아주대,아주대,T3 행동·정보,
아주의대면접후기,의예,아주대,아주대,T3 행동·정보,
연세대의대면접,의예,연세대,연세대,T1 핵심,
연세대의대제시문면접,의예,연세대,연세대,T2 유형,
연세대의대제시문,의예,연세대,연세대,T2 유형,
연세대의예과면접,의예,연세대,연세대,T1 핵심,
연세대의예과제시문면접,의예,연세대,연세대,T2 유형,
연세대의예과제시문,의예,연세대,연세대,T2 유형,
연세대의대면접기출,의예,연세대,연세대,T3 행동·정보,
연세대의대면접문제,의예,연세대,연세대,T3 행동·정보,
연세대의대면접일,의예,연세대,연세대,T3 행동·정보,
연세대의대면접일정,의예,연세대,연세대,T3 행동·정보,
연세대의대면접준비,의예,연세대,연세대,T3 행동·정보,
연세대의대면접대비,의예,연세대,연세대,T3 행동·정보,
연세대의대면접학원,의예,연세대,연세대,T3 행동·정보,
연세대의대면접과외,의예,연세대,연세대,T3 행동·정보,
연세대의대면접후기,의예,연세대,연세대,T3 행동·정보,
연대의대면접,의예,연세대,연세대,T1 핵심,
연대의대제시문면접,의예,연세대,연세대,T2 유형,
연대의대제시문,의예,연세대,연세대,T2 유형,
연대의예과면접,의예,연세대,연세대,T1 핵심,
연대의예과제시문면접,의예,연세대,연세대,T2 유형,
연대의예과제시문,의예,연세대,연세대,T2 유형,
연대의대면접기출,의예,연세대,연세대,T3 행동·정보,
연대의대면접문제,의예,연세대,연세대,T3 행동·정보,
연대의대면접일,의예,연세대,연세대,T3 행동·정보,
연대의대면접일정,의예,연세대,연세대,T3 행동·정보,
연대의대면접준비,의예,연세대,연세대,T3 행동·정보,
연대의대면접대비,의예,연세대,연세대,T3 행동·정보,
연대의대면접학원,의예,연세대,연세대,T3 행동·정보,
연대의대면접과외,의예,연세대,연세대,T3 행동·정보,
연대의대면접후기,의예,연세대,연세대,T3 행동·정보,
연세의대면접,의예,연세대,연세대,T1 핵심,
연세의대제시문면접,의예,연세대,연세대,T2 유형,
연세의대제시문,의예,연세대,연세대,T2 유형,
연세의예과면접,의예,연세대,연세대,T1 핵심,
연세의예과제시문면접,의예,연세대,연세대,T2 유형,
연세의예과제시문,의예,연세대,연세대,T2 유형,
연세의대면접기출,의예,연세대,연세대,T3 행동·정보,
연세의대면접문제,의예,연세대,연세대,T3 행동·정보,
연세의대면접일,의예,연세대,연세대,T3 행동·정보,
연세의대면접일정,의예,연세대,연세대,T3 행동·정보,
연세의대면접준비,의예,연세대,연세대,T3 행동·정보,
연세의대면접대비,의예,연세대,연세대,T3 행동·정보,
연세의대면접학원,의예,연세대,연세대,T3 행동·정보,
연세의대면접과외,의예,연세대,연세대,T3 행동·정보,
연세의대면접후기,의예,연세대,연세대,T3 행동·정보,
이화여대의대면접,의예,이화여대,이화여대,T1 핵심,
이화여대의대인적성면접,의예,이화여대,이화여대,T2 유형,
이화여대의대생기부면접,의예,이화여대,이화여대,T2 유형,
이화여대의대서류확인면접,의예,이화여대,이화여대,T2 유형,
이화여대의예과면접,의예,이화여대,이화여대,T1 핵심,
이화여대의예과인적성면접,의예,이화여대,이화여대,T2 유형,
이화여대의예과생기부면접,의예,이화여대,이화여대,T2 유형,
이화여대의예과서류확인면접,의예,이화여대,이화여대,T2 유형,
이화여대의대면접기출,의예,이화여대,이화여대,T3 행동·정보,
이화여대의대면접문제,의예,이화여대,이화여대,T3 행동·정보,
이화여대의대면접일,의예,이화여대,이화여대,T3 행동·정보,
이화여대의대면접일정,의예,이화여대,이화여대,T3 행동·정보,
이화여대의대면접준비,의예,이화여대,이화여대,T3 행동·정보,
이화여대의대면접대비,의예,이화여대,이화여대,T3 행동·정보,
이화여대의대면접학원,의예,이화여대,이화여대,T3 행동·정보,
이화여대의대면접과외,의예,이화여대,이화여대,T3 행동·정보,
이화여대의대면접후기,의예,이화여대,이화여대,T3 행동·정보,
이대의대면접,의예,이화여대,이화여대,T1 핵심,
이대의대인적성면접,의예,이화여대,이화여대,T2 유형,
이대의대생기부면접,의예,이화여대,이화여대,T2 유형,
이대의대서류확인면접,의예,이화여대,이화여대,T2 유형,
이대의예과면접,의예,이화여대,이화여대,T1 핵심,
이대의예과인적성면접,의예,이화여대,이화여대,T2 유형,
이대의예과생기부면접,의예,이화여대,이화여대,T2 유형,
이대의예과서류확인면접,의예,이화여대,이화여대,T2 유형,
이대의대면접기출,의예,이화여대,이화여대,T3 행동·정보,
이대의대면접문제,의예,이화여대,이화여대,T3 행동·정보,
이대의대면접일,의예,이화여대,이화여대,T3 행동·정보,
이대의대면접일정,의예,이화여대,이화여대,T3 행동·정보,
이대의대면접준비,의예,이화여대,이화여대,T3 행동·정보,
이대의대면접대비,의예,이화여대,이화여대,T3 행동·정보,
이대의대면접학원,의예,이화여대,이화여대,T3 행동·정보,
이대의대면접과외,의예,이화여대,이화여대,T3 행동·정보,
이대의대면접후기,의예,이화여대,이화여대,T3 행동·정보,
이화의대면접,의예,이화여대,이화여대,T1 핵심,
이화의대인적성면접,의예,이화여대,이화여대,T2 유형,
이화의대생기부면접,의예,이화여대,이화여대,T2 유형,
이화의대서류확인면접,의예,이화여대,이화여대,T2 유형,
이화의예과면접,의예,이화여대,이화여대,T1 핵심,
이화의예과인적성면접,의예,이화여대,이화여대,T2 유형,
이화의예과생기부면접,의예,이화여대,이화여대,T2 유형,
이화의예과서류확인면접,의예,이화여대,이화여대,T2 유형,
이화의대면접기출,의예,이화여대,이화여대,T3 행동·정보,
이화의대면접문제,의예,이화여대,이화여대,T3 행동·정보,
이화의대면접일,의예,이화여대,이화여대,T3 행동·정보,
이화의대면접일정,의예,이화여대,이화여대,T3 행동·정보,
이화의대면접준비,의예,이화여대,이화여대,T3 행동·정보,
이화의대면접대비,의예,이화여대,이화여대,T3 행동·정보,
이화의대면접학원,의예,이화여대,이화여대,T3 행동·정보,
이화의대면접과외,의예,이화여대,이화여대,T3 행동·정보,
이화의대면접후기,의예,이화여대,이화여대,T3 행동·정보,
인하대의대면접,의예,인하대,인하대,T1 핵심,
인하대의대mmi,의예,인하대,인하대,T2 유형,
인하대의대mmi면접,의예,인하대,인하대,T2 유형,
인하대의대다중미니면접,의예,인하대,인하대,T2 유형,
인하대의예과면접,의예,인하대,인하대,T1 핵심,
인하대의예과mmi,의예,인하대,인하대,T2 유형,
인하대의예과mmi면접,의예,인하대,인하대,T2 유형,
인하대의예과다중미니면접,의예,인하대,인하대,T2 유형,
인하대의대면접기출,의예,인하대,인하대,T3 행동·정보,
인하대의대면접문제,의예,인하대,인하대,T3 행동·정보,
인하대의대면접일,의예,인하대,인하대,T3 행동·정보,
인하대의대면접일정,의예,인하대,인하대,T3 행동·정보,
인하대의대면접준비,의예,인하대,인하대,T3 행동·정보,
인하대의대면접대비,의예,인하대,인하대,T3 행동·정보,
인하대의대면접학원,의예,인하대,인하대,T3 행동·정보,
인하대의대면접과외,의예,인하대,인하대,T3 행동·정보,
인하대의대면접후기,의예,인하대,인하대,T3 행동·정보,
인하의대면접,의예,인하대,인하대,T1 핵심,
인하의대mmi,의예,인하대,인하대,T2 유형,
인하의대mmi면접,의예,인하대,인하대,T2 유형,
인하의대다중미니면접,의예,인하대,인하대,T2 유형,
인하의예과면접,의예,인하대,인하대,T1 핵심,
인하의예과mmi,의예,인하대,인하대,T2 유형,
인하의예과mmi면접,의예,인하대,인하대,T2 유형,
인하의예과다중미니면접,의예,인하대,인하대,T2 유형,
인하의대면접기출,의예,인하대,인하대,T3 행동·정보,
인하의대면접문제,의예,인하대,인하대,T3 행동·정보,
인하의대면접일,의예,인하대,인하대,T3 행동·정보,
인하의대면접일정,의예,인하대,인하대,T3 행동·정보,
인하의대면접준비,의예,인하대,인하대,T3 행동·정보,
인하의대면접대비,의예,인하대,인하대,T3 행동·정보,
인하의대면접학원,의예,인하대,인하대,T3 행동·정보,
인하의대면접과외,의예,인하대,인하대,T3 행동·정보,
인하의대면접후기,의예,인하대,인하대,T3 행동·정보,
중앙대의대면접,의예,중앙대,중앙대,T1 핵심,
중앙대의대인적성면접,의예,중앙대,중앙대,T2 유형,
중앙대의대생기부면접,의예,중앙대,중앙대,T2 유형,
중앙대의대서류확인면접,의예,중앙대,중앙대,T2 유형,
중앙대의예과면접,의예,중앙대,중앙대,T1 핵심,
중앙대의예과인적성면접,의예,중앙대,중앙대,T2 유형,
중앙대의예과생기부면접,의예,중앙대,중앙대,T2 유형,
중앙대의예과서류확인면접,의예,중앙대,중앙대,T2 유형,
중앙대의대면접기출,의예,중앙대,중앙대,T3 행동·정보,
중앙대의대면접문제,의예,중앙대,중앙대,T3 행동·정보,
중앙대의대면접일,의예,중앙대,중앙대,T3 행동·정보,
중앙대의대면접일정,의예,중앙대,중앙대,T3 행동·정보,
중앙대의대면접준비,의예,중앙대,중앙대,T3 행동·정보,
중앙대의대면접대비,의예,중앙대,중앙대,T3 행동·정보,
중앙대의대면접학원,의예,중앙대,중앙대,T3 행동·정보,
중앙대의대면접과외,의예,중앙대,중앙대,T3 행동·정보,
중앙대의대면접후기,의예,중앙대,중앙대,T3 행동·정보,
중대의대면접,의예,중앙대,중앙대,T1 핵심,일반명사 '중대'와 충돌
중대의대인적성면접,의예,중앙대,중앙대,T2 유형,일반명사 '중대'와 충돌
중대의대생기부면접,의예,중앙대,중앙대,T2 유형,일반명사 '중대'와 충돌
중대의대서류확인면접,의예,중앙대,중앙대,T2 유형,일반명사 '중대'와 충돌
중대의예과면접,의예,중앙대,중앙대,T1 핵심,일반명사 '중대'와 충돌
중대의예과인적성면접,의예,중앙대,중앙대,T2 유형,일반명사 '중대'와 충돌
중대의예과생기부면접,의예,중앙대,중앙대,T2 유형,일반명사 '중대'와 충돌
중대의예과서류확인면접,의예,중앙대,중앙대,T2 유형,일반명사 '중대'와 충돌
중대의대면접기출,의예,중앙대,중앙대,T3 행동·정보,일반명사 '중대'와 충돌
중대의대면접문제,의예,중앙대,중앙대,T3 행동·정보,일반명사 '중대'와 충돌
중대의대면접일,의예,중앙대,중앙대,T3 행동·정보,일반명사 '중대'와 충돌
중대의대면접일정,의예,중앙대,중앙대,T3 행동·정보,일반명사 '중대'와 충돌
중대의대면접준비,의예,중앙대,중앙대,T3 행동·정보,일반명사 '중대'와 충돌
중대의대면접대비,의예,중앙대,중앙대,T3 행동·정보,일반명사 '중대'와 충돌
중대의대면접학원,의예,중앙대,중앙대,T3 행동·정보,일반명사 '중대'와 충돌
중대의대면접과외,의예,중앙대,중앙대,T3 행동·정보,일반명사 '중대'와 충돌
중대의대면접후기,의예,중앙대,중앙대,T3 행동·정보,일반명사 '중대'와 충돌
중앙의대면접,의예,중앙대,중앙대,T1 핵심,
중앙의대인적성면접,의예,중앙대,중앙대,T2 유형,
중앙의대생기부면접,의예,중앙대,중앙대,T2 유형,
중앙의대서류확인면접,의예,중앙대,중앙대,T2 유형,
중앙의예과면접,의예,중앙대,중앙대,T1 핵심,
중앙의예과인적성면접,의예,중앙대,중앙대,T2 유형,
중앙의예과생기부면접,의예,중앙대,중앙대,T2 유형,
중앙의예과서류확인면접,의예,중앙대,중앙대,T2 유형,
중앙의대면접기출,의예,중앙대,중앙대,T3 행동·정보,
중앙의대면접문제,의예,중앙대,중앙대,T3 행동·정보,
중앙의대면접일,의예,중앙대,중앙대,T3 행동·정보,
중앙의대면접일정,의예,중앙대,중앙대,T3 행동·정보,
중앙의대면접준비,의예,중앙대,중앙대,T3 행동·정보,
중앙의대면접대비,의예,중앙대,중앙대,T3 행동·정보,
중앙의대면접학원,의예,중앙대,중앙대,T3 행동·정보,
중앙의대면접과외,의예,중앙대,중앙대,T3 행동·정보,
중앙의대면접후기,의예,중앙대,중앙대,T3 행동·정보,
한양대의대면접,의예,한양대,한양대,T1 핵심,
한양대의대인적성면접,의예,한양대,한양대,T2 유형,
한양대의대생기부면접,의예,한양대,한양대,T2 유형,
한양대의대서류확인면접,의예,한양대,한양대,T2 유형,
한양대의예과면접,의예,한양대,한양대,T1 핵심,
한양대의예과인적성면접,의예,한양대,한양대,T2 유형,
한양대의예과생기부면접,의예,한양대,한양대,T2 유형,
한양대의예과서류확인면접,의예,한양대,한양대,T2 유형,
한양대의대면접기출,의예,한양대,한양대,T3 행동·정보,
한양대의대면접문제,의예,한양대,한양대,T3 행동·정보,
한양대의대면접일,의예,한양대,한양대,T3 행동·정보,
한양대의대면접일정,의예,한양대,한양대,T3 행동·정보,
한양대의대면접준비,의예,한양대,한양대,T3 행동·정보,
한양대의대면접대비,의예,한양대,한양대,T3 행동·정보,
한양대의대면접학원,의예,한양대,한양대,T3 행동·정보,
한양대의대면접과외,의예,한양대,한양대,T3 행동·정보,
한양대의대면접후기,의예,한양대,한양대,T3 행동·정보,
한양의대면접,의예,한양대,한양대,T1 핵심,
한양의대인적성면접,의예,한양대,한양대,T2 유형,
한양의대생기부면접,의예,한양대,한양대,T2 유형,
한양의대서류확인면접,의예,한양대,한양대,T2 유형,
한양의예과면접,의예,한양대,한양대,T1 핵심,
한양의예과인적성면접,의예,한양대,한양대,T2 유형,
한양의예과생기부면접,의예,한양대,한양대,T2 유형,
한양의예과서류확인면접,의예,한양대,한양대,T2 유형,
한양의대면접기출,의예,한양대,한양대,T3 행동·정보,
한양의대면접문제,의예,한양대,한양대,T3 행동·정보,
한양의대면접일,의예,한양대,한양대,T3 행동·정보,
한양의대면접일정,의예,한양대,한양대,T3 행동·정보,
한양의대면접준비,의예,한양대,한양대,T3 행동·정보,
한양의대면접대비,의예,한양대,한양대,T3 행동·정보,
한양의대면접학원,의예,한양대,한양대,T3 행동·정보,
한양의대면접과외,의예,한양대,한양대,T3 행동·정보,
한양의대면접후기,의예,한양대,한양대,T3 행동·정보,
강원대의대면접,의예,강원대,강원대,T1 핵심,
강원대의대인적성면접,의예,강원대,강원대,T2 유형,
강원대의대생기부면접,의예,강원대,강원대,T2 유형,
강원대의대서류확인면접,의예,강원대,강원대,T2 유형,
강원대의예과면접,의예,강원대,강원대,T1 핵심,
강원대의예과인적성면접,의예,강원대,강원대,T2 유형,
강원대의예과생기부면접,의예,강원대,강원대,T2 유형,
강원대의예과서류확인면접,의예,강원대,강원대,T2 유형,
강원대의대면접기출,의예,강원대,강원대,T3 행동·정보,
강원대의대면접문제,의예,강원대,강원대,T3 행동·정보,
강원대의대면접일,의예,강원대,강원대,T3 행동·정보,
강원대의대면접일정,의예,강원대,강원대,T3 행동·정보,
강원대의대면접준비,의예,강원대,강원대,T3 행동·정보,
강원대의대면접대비,의예,강원대,강원대,T3 행동·정보,
강원대의대면접학원,의예,강원대,강원대,T3 행동·정보,
강원대의대면접과외,의예,강원대,강원대,T3 행동·정보,
강원대의대면접후기,의예,강원대,강원대,T3 행동·정보,
강원의대면접,의예,강원대,강원대,T1 핵심,
강원의대인적성면접,의예,강원대,강원대,T2 유형,
강원의대생기부면접,의예,강원대,강원대,T2 유형,
강원의대서류확인면접,의예,강원대,강원대,T2 유형,
강원의예과면접,의예,강원대,강원대,T1 핵심,
강원의예과인적성면접,의예,강원대,강원대,T2 유형,
강원의예과생기부면접,의예,강원대,강원대,T2 유형,
강원의예과서류확인면접,의예,강원대,강원대,T2 유형,
강원의대면접기출,의예,강원대,강원대,T3 행동·정보,
강원의대면접문제,의예,강원대,강원대,T3 행동·정보,
강원의대면접일,의예,강원대,강원대,T3 행동·정보,
강원의대면접일정,의예,강원대,강원대,T3 행동·정보,
강원의대면접준비,의예,강원대,강원대,T3 행동·정보,
강원의대면접대비,의예,강원대,강원대,T3 행동·정보,
강원의대면접학원,의예,강원대,강원대,T3 행동·정보,
강원의대면접과외,의예,강원대,강원대,T3 행동·정보,
강원의대면접후기,의예,강원대,강원대,T3 행동·정보,
연세대미래의대면접,의예,연세대 미래,연세대 미래,T1 핵심,
연세대미래의대제시문면접,의예,연세대 미래,연세대 미래,T2 유형,
연세대미래의대제시문,의예,연세대 미래,연세대 미래,T2 유형,
연세대미래의예과면접,의예,연세대 미래,연세대 미래,T1 핵심,
연세대미래의예과제시문면접,의예,연세대 미래,연세대 미래,T2 유형,
연세대미래의예과제시문,의예,연세대 미래,연세대 미래,T2 유형,
연세대미래의대면접기출,의예,연세대 미래,연세대 미래,T3 행동·정보,
연세대미래의대면접문제,의예,연세대 미래,연세대 미래,T3 행동·정보,
연세대미래의대면접일,의예,연세대 미래,연세대 미래,T3 행동·정보,
연세대미래의대면접일정,의예,연세대 미래,연세대 미래,T3 행동·정보,
연세대미래의대면접준비,의예,연세대 미래,연세대 미래,T3 행동·정보,
연세대미래의대면접대비,의예,연세대 미래,연세대 미래,T3 행동·정보,
연세대미래의대면접학원,의예,연세대 미래,연세대 미래,T3 행동·정보,
연세대미래의대면접과외,의예,연세대 미래,연세대 미래,T3 행동·정보,
연세대미래의대면접후기,의예,연세대 미래,연세대 미래,T3 행동·정보,
연세미래의대면접,의예,연세대 미래,연세대 미래,T1 핵심,
연세미래의대제시문면접,의예,연세대 미래,연세대 미래,T2 유형,
연세미래의대제시문,의예,연세대 미래,연세대 미래,T2 유형,
연세미래의예과면접,의예,연세대 미래,연세대 미래,T1 핵심,
연세미래의예과제시문면접,의예,연세대 미래,연세대 미래,T2 유형,
연세미래의예과제시문,의예,연세대 미래,연세대 미래,T2 유형,
연세미래의대면접기출,의예,연세대 미래,연세대 미래,T3 행동·정보,
연세미래의대면접문제,의예,연세대 미래,연세대 미래,T3 행동·정보,
연세미래의대면접일,의예,연세대 미래,연세대 미래,T3 행동·정보,
연세미래의대면접일정,의예,연세대 미래,연세대 미래,T3 행동·정보,
연세미래의대면접준비,의예,연세대 미래,연세대 미래,T3 행동·정보,
연세미래의대면접대비,의예,연세대 미래,연세대 미래,T3 행동·정보,
연세미래의대면접학원,의예,연세대 미래,연세대 미래,T3 행동·정보,
연세미래의대면접과외,의예,연세대 미래,연세대 미래,T3 행동·정보,
연세미래의대면접후기,의예,연세대 미래,연세대 미래,T3 행동·정보,
연세원주의대면접,의예,연세대 미래,연세대 미래,T1 핵심,
연세원주의대제시문면접,의예,연세대 미래,연세대 미래,T2 유형,
연세원주의대제시문,의예,연세대 미래,연세대 미래,T2 유형,
연세원주의예과면접,의예,연세대 미래,연세대 미래,T1 핵심,
연세원주의예과제시문면접,의예,연세대 미래,연세대 미래,T2 유형,
연세원주의예과제시문,의예,연세대 미래,연세대 미래,T2 유형,
연세원주의대면접기출,의예,연세대 미래,연세대 미래,T3 행동·정보,
연세원주의대면접문제,의예,연세대 미래,연세대 미래,T3 행동·정보,
연세원주의대면접일,의예,연세대 미래,연세대 미래,T3 행동·정보,
연세원주의대면접일정,의예,연세대 미래,연세대 미래,T3 행동·정보,
연세원주의대면접준비,의예,연세대 미래,연세대 미래,T3 행동·정보,
연세원주의대면접대비,의예,연세대 미래,연세대 미래,T3 행동·정보,
연세원주의대면접학원,의예,연세대 미래,연세대 미래,T3 행동·정보,
연세원주의대면접과외,의예,연세대 미래,연세대 미래,T3 행동·정보,
연세원주의대면접후기,의예,연세대 미래,연세대 미래,T3 행동·정보,
연대원주의대면접,의예,연세대 미래,연세대 미래,T1 핵심,
연대원주의대제시문면접,의예,연세대 미래,연세대 미래,T2 유형,
연대원주의대제시문,의예,연세대 미래,연세대 미래,T2 유형,
연대원주의예과면접,의예,연세대 미래,연세대 미래,T1 핵심,
연대원주의예과제시문면접,의예,연세대 미래,연세대 미래,T2 유형,
연대원주의예과제시문,의예,연세대 미래,연세대 미래,T2 유형,
연대원주의대면접기출,의예,연세대 미래,연세대 미래,T3 행동·정보,
연대원주의대면접문제,의예,연세대 미래,연세대 미래,T3 행동·정보,
연대원주의대면접일,의예,연세대 미래,연세대 미래,T3 행동·정보,
연대원주의대면접일정,의예,연세대 미래,연세대 미래,T3 행동·정보,
연대원주의대면접준비,의예,연세대 미래,연세대 미래,T3 행동·정보,
연대원주의대면접대비,의예,연세대 미래,연세대 미래,T3 행동·정보,
연대원주의대면접학원,의예,연세대 미래,연세대 미래,T3 행동·정보,
연대원주의대면접과외,의예,연세대 미래,연세대 미래,T3 행동·정보,
연대원주의대면접후기,의예,연세대 미래,연세대 미래,T3 행동·정보,
원주연세의대면접,의예,연세대 미래,연세대 미래,T1 핵심,
원주연세의대제시문면접,의예,연세대 미래,연세대 미래,T2 유형,
원주연세의대제시문,의예,연세대 미래,연세대 미래,T2 유형,
원주연세의예과면접,의예,연세대 미래,연세대 미래,T1 핵심,
원주연세의예과제시문면접,의예,연세대 미래,연세대 미래,T2 유형,
원주연세의예과제시문,의예,연세대 미래,연세대 미래,T2 유형,
원주연세의대면접기출,의예,연세대 미래,연세대 미래,T3 행동·정보,
원주연세의대면접문제,의예,연세대 미래,연세대 미래,T3 행동·정보,
원주연세의대면접일,의예,연세대 미래,연세대 미래,T3 행동·정보,
원주연세의대면접일정,의예,연세대 미래,연세대 미래,T3 행동·정보,
원주연세의대면접준비,의예,연세대 미래,연세대 미래,T3 행동·정보,
원주연세의대면접대비,의예,연세대 미래,연세대 미래,T3 행동·정보,
원주연세의대면접학원,의예,연세대 미래,연세대 미래,T3 행동·정보,
원주연세의대면접과외,의예,연세대 미래,연세대 미래,T3 행동·정보,
원주연세의대면접후기,의예,연세대 미래,연세대 미래,T3 행동·정보,
한림대의대면접,의예,한림대,한림대,T1 핵심,
한림대의대mmi,의예,한림대,한림대,T2 유형,
한림대의대mmi면접,의예,한림대,한림대,T2 유형,
한림대의대다중미니면접,의예,한림대,한림대,T2 유형,
한림대의예과면접,의예,한림대,한림대,T1 핵심,
한림대의예과mmi,의예,한림대,한림대,T2 유형,
한림대의예과mmi면접,의예,한림대,한림대,T2 유형,
한림대의예과다중미니면접,의예,한림대,한림대,T2 유형,
한림대의대면접기출,의예,한림대,한림대,T3 행동·정보,
한림대의대면접문제,의예,한림대,한림대,T3 행동·정보,
한림대의대면접일,의예,한림대,한림대,T3 행동·정보,
한림대의대면접일정,의예,한림대,한림대,T3 행동·정보,
한림대의대면접준비,의예,한림대,한림대,T3 행동·정보,
한림대의대면접대비,의예,한림대,한림대,T3 행동·정보,
한림대의대면접학원,의예,한림대,한림대,T3 행동·정보,
한림대의대면접과외,의예,한림대,한림대,T3 행동·정보,
한림대의대면접후기,의예,한림대,한림대,T3 행동·정보,
한림의대면접,의예,한림대,한림대,T1 핵심,
한림의대mmi,의예,한림대,한림대,T2 유형,
한림의대mmi면접,의예,한림대,한림대,T2 유형,
한림의대다중미니면접,의예,한림대,한림대,T2 유형,
한림의예과면접,의예,한림대,한림대,T1 핵심,
한림의예과mmi,의예,한림대,한림대,T2 유형,
한림의예과mmi면접,의예,한림대,한림대,T2 유형,
한림의예과다중미니면접,의예,한림대,한림대,T2 유형,
한림의대면접기출,의예,한림대,한림대,T3 행동·정보,
한림의대면접문제,의예,한림대,한림대,T3 행동·정보,
한림의대면접일,의예,한림대,한림대,T3 행동·정보,
한림의대면접일정,의예,한림대,한림대,T3 행동·정보,
한림의대면접준비,의예,한림대,한림대,T3 행동·정보,
한림의대면접대비,의예,한림대,한림대,T3 행동·정보,
한림의대면접학원,의예,한림대,한림대,T3 행동·정보,
한림의대면접과외,의예,한림대,한림대,T3 행동·정보,
한림의대면접후기,의예,한림대,한림대,T3 행동·정보,
건국대글로컬의대면접,의예,건국대 글로컬,건국대 글로컬,T1 핵심,
건국대글로컬의대제시문면접,의예,건국대 글로컬,건국대 글로컬,T2 유형,
건국대글로컬의대제시문,의예,건국대 글로컬,건국대 글로컬,T2 유형,
건국대글로컬의예과면접,의예,건국대 글로컬,건국대 글로컬,T1 핵심,
건국대글로컬의예과제시문면접,의예,건국대 글로컬,건국대 글로컬,T2 유형,
건국대글로컬의예과제시문,의예,건국대 글로컬,건국대 글로컬,T2 유형,
건국대글로컬의대면접기출,의예,건국대 글로컬,건국대 글로컬,T3 행동·정보,
건국대글로컬의대면접문제,의예,건국대 글로컬,건국대 글로컬,T3 행동·정보,
건국대글로컬의대면접일,의예,건국대 글로컬,건국대 글로컬,T3 행동·정보,
건국대글로컬의대면접일정,의예,건국대 글로컬,건국대 글로컬,T3 행동·정보,
건국대글로컬의대면접준비,의예,건국대 글로컬,건국대 글로컬,T3 행동·정보,
건국대글로컬의대면접대비,의예,건국대 글로컬,건국대 글로컬,T3 행동·정보,
건국대글로컬의대면접학원,의예,건국대 글로컬,건국대 글로컬,T3 행동·정보,
건국대글로컬의대면접과외,의예,건국대 글로컬,건국대 글로컬,T3 행동·정보,
건국대글로컬의대면접후기,의예,건국대 글로컬,건국대 글로컬,T3 행동·정보,
건국글로컬의대면접,의예,건국대 글로컬,건국대 글로컬,T1 핵심,
건국글로컬의대제시문면접,의예,건국대 글로컬,건국대 글로컬,T2 유형,
건국글로컬의대제시문,의예,건국대 글로컬,건국대 글로컬,T2 유형,
건국글로컬의예과면접,의예,건국대 글로컬,건국대 글로컬,T1 핵심,
건국글로컬의예과제시문면접,의예,건국대 글로컬,건국대 글로컬,T2 유형,
건국글로컬의예과제시문,의예,건국대 글로컬,건국대 글로컬,T2 유형,
건국글로컬의대면접기출,의예,건국대 글로컬,건국대 글로컬,T3 행동·정보,
건국글로컬의대면접문제,의예,건국대 글로컬,건국대 글로컬,T3 행동·정보,
건국글로컬의대면접일,의예,건국대 글로컬,건국대 글로컬,T3 행동·정보,
건국글로컬의대면접일정,의예,건국대 글로컬,건국대 글로컬,T3 행동·정보,
건국글로컬의대면접준비,의예,건국대 글로컬,건국대 글로컬,T3 행동·정보,
건국글로컬의대면접대비,의예,건국대 글로컬,건국대 글로컬,T3 행동·정보,
건국글로컬의대면접학원,의예,건국대 글로컬,건국대 글로컬,T3 행동·정보,
건국글로컬의대면접과외,의예,건국대 글로컬,건국대 글로컬,T3 행동·정보,
건국글로컬의대면접후기,의예,건국대 글로컬,건국대 글로컬,T3 행동·정보,
건대글로컬의대면접,의예,건국대 글로컬,건국대 글로컬,T1 핵심,
건대글로컬의대제시문면접,의예,건국대 글로컬,건국대 글로컬,T2 유형,
건대글로컬의대제시문,의예,건국대 글로컬,건국대 글로컬,T2 유형,
건대글로컬의예과면접,의예,건국대 글로컬,건국대 글로컬,T1 핵심,
건대글로컬의예과제시문면접,의예,건국대 글로컬,건국대 글로컬,T2 유형,
건대글로컬의예과제시문,의예,건국대 글로컬,건국대 글로컬,T2 유형,
건대글로컬의대면접기출,의예,건국대 글로컬,건국대 글로컬,T3 행동·정보,
건대글로컬의대면접문제,의예,건국대 글로컬,건국대 글로컬,T3 행동·정보,
건대글로컬의대면접일,의예,건국대 글로컬,건국대 글로컬,T3 행동·정보,
건대글로컬의대면접일정,의예,건국대 글로컬,건국대 글로컬,T3 행동·정보,
건대글로컬의대면접준비,의예,건국대 글로컬,건국대 글로컬,T3 행동·정보,
건대글로컬의대면접대비,의예,건국대 글로컬,건국대 글로컬,T3 행동·정보,
건대글로컬의대면접학원,의예,건국대 글로컬,건국대 글로컬,T3 행동·정보,
건대글로컬의대면접과외,의예,건국대 글로컬,건국대 글로컬,T3 행동·정보,
건대글로컬의대면접후기,의예,건국대 글로컬,건국대 글로컬,T3 행동·정보,
건국대충주의대면접,의예,건국대 글로컬,건국대 글로컬,T1 핵심,
건국대충주의대제시문면접,의예,건국대 글로컬,건국대 글로컬,T2 유형,
건국대충주의대제시문,의예,건국대 글로컬,건국대 글로컬,T2 유형,
건국대충주의예과면접,의예,건국대 글로컬,건국대 글로컬,T1 핵심,
건국대충주의예과제시문면접,의예,건국대 글로컬,건국대 글로컬,T2 유형,
건국대충주의예과제시문,의예,건국대 글로컬,건국대 글로컬,T2 유형,
건국대충주의대면접기출,의예,건국대 글로컬,건국대 글로컬,T3 행동·정보,
건국대충주의대면접문제,의예,건국대 글로컬,건국대 글로컬,T3 행동·정보,
건국대충주의대면접일,의예,건국대 글로컬,건국대 글로컬,T3 행동·정보,
건국대충주의대면접일정,의예,건국대 글로컬,건국대 글로컬,T3 행동·정보,
건국대충주의대면접준비,의예,건국대 글로컬,건국대 글로컬,T3 행동·정보,
건국대충주의대면접대비,의예,건국대 글로컬,건국대 글로컬,T3 행동·정보,
건국대충주의대면접학원,의예,건국대 글로컬,건국대 글로컬,T3 행동·정보,
건국대충주의대면접과외,의예,건국대 글로컬,건국대 글로컬,T3 행동·정보,
건국대충주의대면접후기,의예,건국대 글로컬,건국대 글로컬,T3 행동·정보,
건양대의대면접,의예,건양대,건양대,T1 핵심,
건양대의대mmi,의예,건양대,건양대,T2 유형,
건양대의대mmi면접,의예,건양대,건양대,T2 유형,
건양대의대다중미니면접,의예,건양대,건양대,T2 유형,
건양대의예과면접,의예,건양대,건양대,T1 핵심,
건양대의예과mmi,의예,건양대,건양대,T2 유형,
건양대의예과mmi면접,의예,건양대,건양대,T2 유형,
건양대의예과다중미니면접,의예,건양대,건양대,T2 유형,
건양대의대면접기출,의예,건양대,건양대,T3 행동·정보,
건양대의대면접문제,의예,건양대,건양대,T3 행동·정보,
건양대의대면접일,의예,건양대,건양대,T3 행동·정보,
건양대의대면접일정,의예,건양대,건양대,T3 행동·정보,
건양대의대면접준비,의예,건양대,건양대,T3 행동·정보,
건양대의대면접대비,의예,건양대,건양대,T3 행동·정보,
건양대의대면접학원,의예,건양대,건양대,T3 행동·정보,
건양대의대면접과외,의예,건양대,건양대,T3 행동·정보,
건양대의대면접후기,의예,건양대,건양대,T3 행동·정보,
건양의대면접,의예,건양대,건양대,T1 핵심,
건양의대mmi,의예,건양대,건양대,T2 유형,
건양의대mmi면접,의예,건양대,건양대,T2 유형,
건양의대다중미니면접,의예,건양대,건양대,T2 유형,
건양의예과면접,의예,건양대,건양대,T1 핵심,
건양의예과mmi,의예,건양대,건양대,T2 유형,
건양의예과mmi면접,의예,건양대,건양대,T2 유형,
건양의예과다중미니면접,의예,건양대,건양대,T2 유형,
건양의대면접기출,의예,건양대,건양대,T3 행동·정보,
건양의대면접문제,의예,건양대,건양대,T3 행동·정보,
건양의대면접일,의예,건양대,건양대,T3 행동·정보,
건양의대면접일정,의예,건양대,건양대,T3 행동·정보,
건양의대면접준비,의예,건양대,건양대,T3 행동·정보,
건양의대면접대비,의예,건양대,건양대,T3 행동·정보,
건양의대면접학원,의예,건양대,건양대,T3 행동·정보,
건양의대면접과외,의예,건양대,건양대,T3 행동·정보,
건양의대면접후기,의예,건양대,건양대,T3 행동·정보,
단국대의대면접,의예,단국대,단국대,T1 핵심,
단국대의대인적성면접,의예,단국대,단국대,T2 유형,
단국대의대생기부면접,의예,단국대,단국대,T2 유형,
단국대의대서류확인면접,의예,단국대,단국대,T2 유형,
단국대의예과면접,의예,단국대,단국대,T1 핵심,
단국대의예과인적성면접,의예,단국대,단국대,T2 유형,
단국대의예과생기부면접,의예,단국대,단국대,T2 유형,
단국대의예과서류확인면접,의예,단국대,단국대,T2 유형,
단국대의대면접기출,의예,단국대,단국대,T3 행동·정보,
단국대의대면접문제,의예,단국대,단국대,T3 행동·정보,
단국대의대면접일,의예,단국대,단국대,T3 행동·정보,
단국대의대면접일정,의예,단국대,단국대,T3 행동·정보,
단국대의대면접준비,의예,단국대,단국대,T3 행동·정보,
단국대의대면접대비,의예,단국대,단국대,T3 행동·정보,
단국대의대면접학원,의예,단국대,단국대,T3 행동·정보,
단국대의대면접과외,의예,단국대,단국대,T3 행동·정보,
단국대의대면접후기,의예,단국대,단국대,T3 행동·정보,
단대의대면접,의예,단국대,단국대,T1 핵심,단국대 약칭 — 검색량 낮을 수 있음
단대의대인적성면접,의예,단국대,단국대,T2 유형,단국대 약칭 — 검색량 낮을 수 있음
단대의대생기부면접,의예,단국대,단국대,T2 유형,단국대 약칭 — 검색량 낮을 수 있음
단대의대서류확인면접,의예,단국대,단국대,T2 유형,단국대 약칭 — 검색량 낮을 수 있음
단대의예과면접,의예,단국대,단국대,T1 핵심,단국대 약칭 — 검색량 낮을 수 있음
단대의예과인적성면접,의예,단국대,단국대,T2 유형,단국대 약칭 — 검색량 낮을 수 있음
단대의예과생기부면접,의예,단국대,단국대,T2 유형,단국대 약칭 — 검색량 낮을 수 있음
단대의예과서류확인면접,의예,단국대,단국대,T2 유형,단국대 약칭 — 검색량 낮을 수 있음
단대의대면접기출,의예,단국대,단국대,T3 행동·정보,단국대 약칭 — 검색량 낮을 수 있음
단대의대면접문제,의예,단국대,단국대,T3 행동·정보,단국대 약칭 — 검색량 낮을 수 있음
단대의대면접일,의예,단국대,단국대,T3 행동·정보,단국대 약칭 — 검색량 낮을 수 있음
단대의대면접일정,의예,단국대,단국대,T3 행동·정보,단국대 약칭 — 검색량 낮을 수 있음
단대의대면접준비,의예,단국대,단국대,T3 행동·정보,단국대 약칭 — 검색량 낮을 수 있음
단대의대면접대비,의예,단국대,단국대,T3 행동·정보,단국대 약칭 — 검색량 낮을 수 있음
단대의대면접학원,의예,단국대,단국대,T3 행동·정보,단국대 약칭 — 검색량 낮을 수 있음
단대의대면접과외,의예,단국대,단국대,T3 행동·정보,단국대 약칭 — 검색량 낮을 수 있음
단대의대면접후기,의예,단국대,단국대,T3 행동·정보,단국대 약칭 — 검색량 낮을 수 있음
단국의대면접,의예,단국대,단국대,T1 핵심,
단국의대인적성면접,의예,단국대,단국대,T2 유형,
단국의대생기부면접,의예,단국대,단국대,T2 유형,
단국의대서류확인면접,의예,단국대,단국대,T2 유형,
단국의예과면접,의예,단국대,단국대,T1 핵심,
단국의예과인적성면접,의예,단국대,단국대,T2 유형,
단국의예과생기부면접,의예,단국대,단국대,T2 유형,
단국의예과서류확인면접,의예,단국대,단국대,T2 유형,
단국의대면접기출,의예,단국대,단국대,T3 행동·정보,
단국의대면접문제,의예,단국대,단국대,T3 행동·정보,
단국의대면접일,의예,단국대,단국대,T3 행동·정보,
단국의대면접일정,의예,단국대,단국대,T3 행동·정보,
단국의대면접준비,의예,단국대,단국대,T3 행동·정보,
단국의대면접대비,의예,단국대,단국대,T3 행동·정보,
단국의대면접학원,의예,단국대,단국대,T3 행동·정보,
단국의대면접과외,의예,단국대,단국대,T3 행동·정보,
단국의대면접후기,의예,단국대,단국대,T3 행동·정보,
단국대천안의대면접,의예,단국대,단국대,T1 핵심,
단국대천안의대인적성면접,의예,단국대,단국대,T2 유형,
단국대천안의대생기부면접,의예,단국대,단국대,T2 유형,
단국대천안의대서류확인면접,의예,단국대,단국대,T2 유형,
단국대천안의예과면접,의예,단국대,단국대,T1 핵심,
단국대천안의예과인적성면접,의예,단국대,단국대,T2 유형,
단국대천안의예과생기부면접,의예,단국대,단국대,T2 유형,
단국대천안의예과서류확인면접,의예,단국대,단국대,T2 유형,
단국대천안의대면접기출,의예,단국대,단국대,T3 행동·정보,
단국대천안의대면접문제,의예,단국대,단국대,T3 행동·정보,
단국대천안의대면접일,의예,단국대,단국대,T3 행동·정보,
단국대천안의대면접일정,의예,단국대,단국대,T3 행동·정보,
단국대천안의대면접준비,의예,단국대,단국대,T3 행동·정보,
단국대천안의대면접대비,의예,단국대,단국대,T3 행동·정보,
단국대천안의대면접학원,의예,단국대,단국대,T3 행동·정보,
단국대천안의대면접과외,의예,단국대,단국대,T3 행동·정보,
단국대천안의대면접후기,의예,단국대,단국대,T3 행동·정보,
천안단국대의대면접,의예,단국대,단국대,T1 핵심,
천안단국대의대인적성면접,의예,단국대,단국대,T2 유형,
천안단국대의대생기부면접,의예,단국대,단국대,T2 유형,
천안단국대의대서류확인면접,의예,단국대,단국대,T2 유형,
천안단국대의예과면접,의예,단국대,단국대,T1 핵심,
천안단국대의예과인적성면접,의예,단국대,단국대,T2 유형,
천안단국대의예과생기부면접,의예,단국대,단국대,T2 유형,
천안단국대의예과서류확인면접,의예,단국대,단국대,T2 유형,
천안단국대의대면접기출,의예,단국대,단국대,T3 행동·정보,
천안단국대의대면접문제,의예,단국대,단국대,T3 행동·정보,
천안단국대의대면접일,의예,단국대,단국대,T3 행동·정보,
천안단국대의대면접일정,의예,단국대,단국대,T3 행동·정보,
천안단국대의대면접준비,의예,단국대,단국대,T3 행동·정보,
천안단국대의대면접대비,의예,단국대,단국대,T3 행동·정보,
천안단국대의대면접학원,의예,단국대,단국대,T3 행동·정보,
천안단국대의대면접과외,의예,단국대,단국대,T3 행동·정보,
천안단국대의대면접후기,의예,단국대,단국대,T3 행동·정보,
순천향대의대면접,의예,순천향대,순천향대,T1 핵심,
순천향대의대인적성면접,의예,순천향대,순천향대,T2 유형,
순천향대의대생기부면접,의예,순천향대,순천향대,T2 유형,
순천향대의대서류확인면접,의예,순천향대,순천향대,T2 유형,
순천향대의예과면접,의예,순천향대,순천향대,T1 핵심,
순천향대의예과인적성면접,의예,순천향대,순천향대,T2 유형,
순천향대의예과생기부면접,의예,순천향대,순천향대,T2 유형,
순천향대의예과서류확인면접,의예,순천향대,순천향대,T2 유형,
순천향대의대면접기출,의예,순천향대,순천향대,T3 행동·정보,
순천향대의대면접문제,의예,순천향대,순천향대,T3 행동·정보,
순천향대의대면접일,의예,순천향대,순천향대,T3 행동·정보,
순천향대의대면접일정,의예,순천향대,순천향대,T3 행동·정보,
순천향대의대면접준비,의예,순천향대,순천향대,T3 행동·정보,
순천향대의대면접대비,의예,순천향대,순천향대,T3 행동·정보,
순천향대의대면접학원,의예,순천향대,순천향대,T3 행동·정보,
순천향대의대면접과외,의예,순천향대,순천향대,T3 행동·정보,
순천향대의대면접후기,의예,순천향대,순천향대,T3 행동·정보,
순천향의대면접,의예,순천향대,순천향대,T1 핵심,
순천향의대인적성면접,의예,순천향대,순천향대,T2 유형,
순천향의대생기부면접,의예,순천향대,순천향대,T2 유형,
순천향의대서류확인면접,의예,순천향대,순천향대,T2 유형,
순천향의예과면접,의예,순천향대,순천향대,T1 핵심,
순천향의예과인적성면접,의예,순천향대,순천향대,T2 유형,
순천향의예과생기부면접,의예,순천향대,순천향대,T2 유형,
순천향의예과서류확인면접,의예,순천향대,순천향대,T2 유형,
순천향의대면접기출,의예,순천향대,순천향대,T3 행동·정보,
순천향의대면접문제,의예,순천향대,순천향대,T3 행동·정보,
순천향의대면접일,의예,순천향대,순천향대,T3 행동·정보,
순천향의대면접일정,의예,순천향대,순천향대,T3 행동·정보,
순천향의대면접준비,의예,순천향대,순천향대,T3 행동·정보,
순천향의대면접대비,의예,순천향대,순천향대,T3 행동·정보,
순천향의대면접학원,의예,순천향대,순천향대,T3 행동·정보,
순천향의대면접과외,의예,순천향대,순천향대,T3 행동·정보,
순천향의대면접후기,의예,순천향대,순천향대,T3 행동·정보,
을지대의대면접,의예,을지대,을지대,T1 핵심,
을지대의대인적성면접,의예,을지대,을지대,T2 유형,
을지대의대생기부면접,의예,을지대,을지대,T2 유형,
을지대의대서류확인면접,의예,을지대,을지대,T2 유형,
을지대의예과면접,의예,을지대,을지대,T1 핵심,
을지대의예과인적성면접,의예,을지대,을지대,T2 유형,
을지대의예과생기부면접,의예,을지대,을지대,T2 유형,
을지대의예과서류확인면접,의예,을지대,을지대,T2 유형,
을지대의대면접기출,의예,을지대,을지대,T3 행동·정보,
을지대의대면접문제,의예,을지대,을지대,T3 행동·정보,
을지대의대면접일,의예,을지대,을지대,T3 행동·정보,
을지대의대면접일정,의예,을지대,을지대,T3 행동·정보,
을지대의대면접준비,의예,을지대,을지대,T3 행동·정보,
을지대의대면접대비,의예,을지대,을지대,T3 행동·정보,
을지대의대면접학원,의예,을지대,을지대,T3 행동·정보,
을지대의대면접과외,의예,을지대,을지대,T3 행동·정보,
을지대의대면접후기,의예,을지대,을지대,T3 행동·정보,
을지의대면접,의예,을지대,을지대,T1 핵심,
을지의대인적성면접,의예,을지대,을지대,T2 유형,
을지의대생기부면접,의예,을지대,을지대,T2 유형,
을지의대서류확인면접,의예,을지대,을지대,T2 유형,
을지의예과면접,의예,을지대,을지대,T1 핵심,
을지의예과인적성면접,의예,을지대,을지대,T2 유형,
을지의예과생기부면접,의예,을지대,을지대,T2 유형,
을지의예과서류확인면접,의예,을지대,을지대,T2 유형,
을지의대면접기출,의예,을지대,을지대,T3 행동·정보,
을지의대면접문제,의예,을지대,을지대,T3 행동·정보,
을지의대면접일,의예,을지대,을지대,T3 행동·정보,
을지의대면접일정,의예,을지대,을지대,T3 행동·정보,
을지의대면접준비,의예,을지대,을지대,T3 행동·정보,
을지의대면접대비,의예,을지대,을지대,T3 행동·정보,
을지의대면접학원,의예,을지대,을지대,T3 행동·정보,
을지의대면접과외,의예,을지대,을지대,T3 행동·정보,
을지의대면접후기,의예,을지대,을지대,T3 행동·정보,
충남대의대면접,의예,충남대,충남대,T1 핵심,
충남대의대인적성면접,의예,충남대,충남대,T2 유형,
충남대의대생기부면접,의예,충남대,충남대,T2 유형,
충남대의대서류확인면접,의예,충남대,충남대,T2 유형,
충남대의예과면접,의예,충남대,충남대,T1 핵심,
충남대의예과인적성면접,의예,충남대,충남대,T2 유형,
충남대의예과생기부면접,의예,충남대,충남대,T2 유형,
충남대의예과서류확인면접,의예,충남대,충남대,T2 유형,
충남대의대면접기출,의예,충남대,충남대,T3 행동·정보,
충남대의대면접문제,의예,충남대,충남대,T3 행동·정보,
충남대의대면접일,의예,충남대,충남대,T3 행동·정보,
충남대의대면접일정,의예,충남대,충남대,T3 행동·정보,
충남대의대면접준비,의예,충남대,충남대,T3 행동·정보,
충남대의대면접대비,의예,충남대,충남대,T3 행동·정보,
충남대의대면접학원,의예,충남대,충남대,T3 행동·정보,
충남대의대면접과외,의예,충남대,충남대,T3 행동·정보,
충남대의대면접후기,의예,충남대,충남대,T3 행동·정보,
충대의대면접,의예,충남대,충남대,T1 핵심,충남대·충북대 혼동
충대의대인적성면접,의예,충남대,충남대,T2 유형,충남대·충북대 혼동
충대의대생기부면접,의예,충남대,충남대,T2 유형,충남대·충북대 혼동
충대의대서류확인면접,의예,충남대,충남대,T2 유형,충남대·충북대 혼동
충대의예과면접,의예,충남대,충남대,T1 핵심,충남대·충북대 혼동
충대의예과인적성면접,의예,충남대,충남대,T2 유형,충남대·충북대 혼동
충대의예과생기부면접,의예,충남대,충남대,T2 유형,충남대·충북대 혼동
충대의예과서류확인면접,의예,충남대,충남대,T2 유형,충남대·충북대 혼동
충대의대면접기출,의예,충남대,충남대,T3 행동·정보,충남대·충북대 혼동
충대의대면접문제,의예,충남대,충남대,T3 행동·정보,충남대·충북대 혼동
충대의대면접일,의예,충남대,충남대,T3 행동·정보,충남대·충북대 혼동
충대의대면접일정,의예,충남대,충남대,T3 행동·정보,충남대·충북대 혼동
충대의대면접준비,의예,충남대,충남대,T3 행동·정보,충남대·충북대 혼동
충대의대면접대비,의예,충남대,충남대,T3 행동·정보,충남대·충북대 혼동
충대의대면접학원,의예,충남대,충남대,T3 행동·정보,충남대·충북대 혼동
충대의대면접과외,의예,충남대,충남대,T3 행동·정보,충남대·충북대 혼동
충대의대면접후기,의예,충남대,충남대,T3 행동·정보,충남대·충북대 혼동
충남의대면접,의예,충남대,충남대,T1 핵심,
충남의대인적성면접,의예,충남대,충남대,T2 유형,
충남의대생기부면접,의예,충남대,충남대,T2 유형,
충남의대서류확인면접,의예,충남대,충남대,T2 유형,
충남의예과면접,의예,충남대,충남대,T1 핵심,
충남의예과인적성면접,의예,충남대,충남대,T2 유형,
충남의예과생기부면접,의예,충남대,충남대,T2 유형,
충남의예과서류확인면접,의예,충남대,충남대,T2 유형,
충남의대면접기출,의예,충남대,충남대,T3 행동·정보,
충남의대면접문제,의예,충남대,충남대,T3 행동·정보,
충남의대면접일,의예,충남대,충남대,T3 행동·정보,
충남의대면접일정,의예,충남대,충남대,T3 행동·정보,
충남의대면접준비,의예,충남대,충남대,T3 행동·정보,
충남의대면접대비,의예,충남대,충남대,T3 행동·정보,
충남의대면접학원,의예,충남대,충남대,T3 행동·정보,
충남의대면접과외,의예,충남대,충남대,T3 행동·정보,
충남의대면접후기,의예,충남대,충남대,T3 행동·정보,
원광대의대면접,의예,원광대,원광대,T1 핵심,
원광대의대인적성면접,의예,원광대,원광대,T2 유형,
원광대의대생기부면접,의예,원광대,원광대,T2 유형,
원광대의대서류확인면접,의예,원광대,원광대,T2 유형,
원광대의예과면접,의예,원광대,원광대,T1 핵심,
원광대의예과인적성면접,의예,원광대,원광대,T2 유형,
원광대의예과생기부면접,의예,원광대,원광대,T2 유형,
원광대의예과서류확인면접,의예,원광대,원광대,T2 유형,
원광대의대면접기출,의예,원광대,원광대,T3 행동·정보,
원광대의대면접문제,의예,원광대,원광대,T3 행동·정보,
원광대의대면접일,의예,원광대,원광대,T3 행동·정보,
원광대의대면접일정,의예,원광대,원광대,T3 행동·정보,
원광대의대면접준비,의예,원광대,원광대,T3 행동·정보,
원광대의대면접대비,의예,원광대,원광대,T3 행동·정보,
원광대의대면접학원,의예,원광대,원광대,T3 행동·정보,
원광대의대면접과외,의예,원광대,원광대,T3 행동·정보,
원광대의대면접후기,의예,원광대,원광대,T3 행동·정보,
원광의대면접,의예,원광대,원광대,T1 핵심,
원광의대인적성면접,의예,원광대,원광대,T2 유형,
원광의대생기부면접,의예,원광대,원광대,T2 유형,
원광의대서류확인면접,의예,원광대,원광대,T2 유형,
원광의예과면접,의예,원광대,원광대,T1 핵심,
원광의예과인적성면접,의예,원광대,원광대,T2 유형,
원광의예과생기부면접,의예,원광대,원광대,T2 유형,
원광의예과서류확인면접,의예,원광대,원광대,T2 유형,
원광의대면접기출,의예,원광대,원광대,T3 행동·정보,
원광의대면접문제,의예,원광대,원광대,T3 행동·정보,
원광의대면접일,의예,원광대,원광대,T3 행동·정보,
원광의대면접일정,의예,원광대,원광대,T3 행동·정보,
원광의대면접준비,의예,원광대,원광대,T3 행동·정보,
원광의대면접대비,의예,원광대,원광대,T3 행동·정보,
원광의대면접학원,의예,원광대,원광대,T3 행동·정보,
원광의대면접과외,의예,원광대,원광대,T3 행동·정보,
원광의대면접후기,의예,원광대,원광대,T3 행동·정보,
전남대의대면접,의예,전남대,전남대,T1 핵심,
전남대의대인적성면접,의예,전남대,전남대,T2 유형,
전남대의대생기부면접,의예,전남대,전남대,T2 유형,
전남대의대서류확인면접,의예,전남대,전남대,T2 유형,
전남대의예과면접,의예,전남대,전남대,T1 핵심,
전남대의예과인적성면접,의예,전남대,전남대,T2 유형,
전남대의예과생기부면접,의예,전남대,전남대,T2 유형,
전남대의예과서류확인면접,의예,전남대,전남대,T2 유형,
전남대의대면접기출,의예,전남대,전남대,T3 행동·정보,
전남대의대면접문제,의예,전남대,전남대,T3 행동·정보,
전남대의대면접일,의예,전남대,전남대,T3 행동·정보,
전남대의대면접일정,의예,전남대,전남대,T3 행동·정보,
전남대의대면접준비,의예,전남대,전남대,T3 행동·정보,
전남대의대면접대비,의예,전남대,전남대,T3 행동·정보,
전남대의대면접학원,의예,전남대,전남대,T3 행동·정보,
전남대의대면접과외,의예,전남대,전남대,T3 행동·정보,
전남대의대면접후기,의예,전남대,전남대,T3 행동·정보,
전대의대면접,의예,전남대,전남대,T1 핵심,전남대·전북대 혼동
전대의대인적성면접,의예,전남대,전남대,T2 유형,전남대·전북대 혼동
전대의대생기부면접,의예,전남대,전남대,T2 유형,전남대·전북대 혼동
전대의대서류확인면접,의예,전남대,전남대,T2 유형,전남대·전북대 혼동
전대의예과면접,의예,전남대,전남대,T1 핵심,전남대·전북대 혼동
전대의예과인적성면접,의예,전남대,전남대,T2 유형,전남대·전북대 혼동
전대의예과생기부면접,의예,전남대,전남대,T2 유형,전남대·전북대 혼동
전대의예과서류확인면접,의예,전남대,전남대,T2 유형,전남대·전북대 혼동
전대의대면접기출,의예,전남대,전남대,T3 행동·정보,전남대·전북대 혼동
전대의대면접문제,의예,전남대,전남대,T3 행동·정보,전남대·전북대 혼동
전대의대면접일,의예,전남대,전남대,T3 행동·정보,전남대·전북대 혼동
전대의대면접일정,의예,전남대,전남대,T3 행동·정보,전남대·전북대 혼동
전대의대면접준비,의예,전남대,전남대,T3 행동·정보,전남대·전북대 혼동
전대의대면접대비,의예,전남대,전남대,T3 행동·정보,전남대·전북대 혼동
전대의대면접학원,의예,전남대,전남대,T3 행동·정보,전남대·전북대 혼동
전대의대면접과외,의예,전남대,전남대,T3 행동·정보,전남대·전북대 혼동
전대의대면접후기,의예,전남대,전남대,T3 행동·정보,전남대·전북대 혼동
전남의대면접,의예,전남대,전남대,T1 핵심,
전남의대인적성면접,의예,전남대,전남대,T2 유형,
전남의대생기부면접,의예,전남대,전남대,T2 유형,
전남의대서류확인면접,의예,전남대,전남대,T2 유형,
전남의예과면접,의예,전남대,전남대,T1 핵심,
전남의예과인적성면접,의예,전남대,전남대,T2 유형,
전남의예과생기부면접,의예,전남대,전남대,T2 유형,
전남의예과서류확인면접,의예,전남대,전남대,T2 유형,
전남의대면접기출,의예,전남대,전남대,T3 행동·정보,
전남의대면접문제,의예,전남대,전남대,T3 행동·정보,
전남의대면접일,의예,전남대,전남대,T3 행동·정보,
전남의대면접일정,의예,전남대,전남대,T3 행동·정보,
전남의대면접준비,의예,전남대,전남대,T3 행동·정보,
전남의대면접대비,의예,전남대,전남대,T3 행동·정보,
전남의대면접학원,의예,전남대,전남대,T3 행동·정보,
전남의대면접과외,의예,전남대,전남대,T3 행동·정보,
전남의대면접후기,의예,전남대,전남대,T3 행동·정보,
전북대의대면접,의예,전북대,전북대,T1 핵심,
전북대의대인적성면접,의예,전북대,전북대,T2 유형,
전북대의대생기부면접,의예,전북대,전북대,T2 유형,
전북대의대서류확인면접,의예,전북대,전북대,T2 유형,
전북대의예과면접,의예,전북대,전북대,T1 핵심,
전북대의예과인적성면접,의예,전북대,전북대,T2 유형,
전북대의예과생기부면접,의예,전북대,전북대,T2 유형,
전북대의예과서류확인면접,의예,전북대,전북대,T2 유형,
전북대의대면접기출,의예,전북대,전북대,T3 행동·정보,
전북대의대면접문제,의예,전북대,전북대,T3 행동·정보,
전북대의대면접일,의예,전북대,전북대,T3 행동·정보,
전북대의대면접일정,의예,전북대,전북대,T3 행동·정보,
전북대의대면접준비,의예,전북대,전북대,T3 행동·정보,
전북대의대면접대비,의예,전북대,전북대,T3 행동·정보,
전북대의대면접학원,의예,전북대,전북대,T3 행동·정보,
전북대의대면접과외,의예,전북대,전북대,T3 행동·정보,
전북대의대면접후기,의예,전북대,전북대,T3 행동·정보,
전북의대면접,의예,전북대,전북대,T1 핵심,
전북의대인적성면접,의예,전북대,전북대,T2 유형,
전북의대생기부면접,의예,전북대,전북대,T2 유형,
전북의대서류확인면접,의예,전북대,전북대,T2 유형,
전북의예과면접,의예,전북대,전북대,T1 핵심,
전북의예과인적성면접,의예,전북대,전북대,T2 유형,
전북의예과생기부면접,의예,전북대,전북대,T2 유형,
전북의예과서류확인면접,의예,전북대,전북대,T2 유형,
전북의대면접기출,의예,전북대,전북대,T3 행동·정보,
전북의대면접문제,의예,전북대,전북대,T3 행동·정보,
전북의대면접일,의예,전북대,전북대,T3 행동·정보,
전북의대면접일정,의예,전북대,전북대,T3 행동·정보,
전북의대면접준비,의예,전북대,전북대,T3 행동·정보,
전북의대면접대비,의예,전북대,전북대,T3 행동·정보,
전북의대면접학원,의예,전북대,전북대,T3 행동·정보,
전북의대면접과외,의예,전북대,전북대,T3 행동·정보,
전북의대면접후기,의예,전북대,전북대,T3 행동·정보,
조선대의대면접,의예,조선대,조선대,T1 핵심,
조선대의대인적성면접,의예,조선대,조선대,T2 유형,
조선대의대생기부면접,의예,조선대,조선대,T2 유형,
조선대의대서류확인면접,의예,조선대,조선대,T2 유형,
조선대의예과면접,의예,조선대,조선대,T1 핵심,
조선대의예과인적성면접,의예,조선대,조선대,T2 유형,
조선대의예과생기부면접,의예,조선대,조선대,T2 유형,
조선대의예과서류확인면접,의예,조선대,조선대,T2 유형,
조선대의대면접기출,의예,조선대,조선대,T3 행동·정보,
조선대의대면접문제,의예,조선대,조선대,T3 행동·정보,
조선대의대면접일,의예,조선대,조선대,T3 행동·정보,
조선대의대면접일정,의예,조선대,조선대,T3 행동·정보,
조선대의대면접준비,의예,조선대,조선대,T3 행동·정보,
조선대의대면접대비,의예,조선대,조선대,T3 행동·정보,
조선대의대면접학원,의예,조선대,조선대,T3 행동·정보,
조선대의대면접과외,의예,조선대,조선대,T3 행동·정보,
조선대의대면접후기,의예,조선대,조선대,T3 행동·정보,
조선의대면접,의예,조선대,조선대,T1 핵심,
조선의대인적성면접,의예,조선대,조선대,T2 유형,
조선의대생기부면접,의예,조선대,조선대,T2 유형,
조선의대서류확인면접,의예,조선대,조선대,T2 유형,
조선의예과면접,의예,조선대,조선대,T1 핵심,
조선의예과인적성면접,의예,조선대,조선대,T2 유형,
조선의예과생기부면접,의예,조선대,조선대,T2 유형,
조선의예과서류확인면접,의예,조선대,조선대,T2 유형,
조선의대면접기출,의예,조선대,조선대,T3 행동·정보,
조선의대면접문제,의예,조선대,조선대,T3 행동·정보,
조선의대면접일,의예,조선대,조선대,T3 행동·정보,
조선의대면접일정,의예,조선대,조선대,T3 행동·정보,
조선의대면접준비,의예,조선대,조선대,T3 행동·정보,
조선의대면접대비,의예,조선대,조선대,T3 행동·정보,
조선의대면접학원,의예,조선대,조선대,T3 행동·정보,
조선의대면접과외,의예,조선대,조선대,T3 행동·정보,
조선의대면접후기,의예,조선대,조선대,T3 행동·정보,
경북대의대면접,의예,경북대,경북대,T1 핵심,
경북대의대인적성면접,의예,경북대,경북대,T2 유형,
경북대의대생기부면접,의예,경북대,경북대,T2 유형,
경북대의대서류확인면접,의예,경북대,경북대,T2 유형,
경북대의예과면접,의예,경북대,경북대,T1 핵심,
경북대의예과인적성면접,의예,경북대,경북대,T2 유형,
경북대의예과생기부면접,의예,경북대,경북대,T2 유형,
경북대의예과서류확인면접,의예,경북대,경북대,T2 유형,
경북대의대면접기출,의예,경북대,경북대,T3 행동·정보,
경북대의대면접문제,의예,경북대,경북대,T3 행동·정보,
경북대의대면접일,의예,경북대,경북대,T3 행동·정보,
경북대의대면접일정,의예,경북대,경북대,T3 행동·정보,
경북대의대면접준비,의예,경북대,경북대,T3 행동·정보,
경북대의대면접대비,의예,경북대,경북대,T3 행동·정보,
경북대의대면접학원,의예,경북대,경북대,T3 행동·정보,
경북대의대면접과외,의예,경북대,경북대,T3 행동·정보,
경북대의대면접후기,의예,경북대,경북대,T3 행동·정보,
경북의대면접,의예,경북대,경북대,T1 핵심,
경북의대인적성면접,의예,경북대,경북대,T2 유형,
경북의대생기부면접,의예,경북대,경북대,T2 유형,
경북의대서류확인면접,의예,경북대,경북대,T2 유형,
경북의예과면접,의예,경북대,경북대,T1 핵심,
경북의예과인적성면접,의예,경북대,경북대,T2 유형,
경북의예과생기부면접,의예,경북대,경북대,T2 유형,
경북의예과서류확인면접,의예,경북대,경북대,T2 유형,
경북의대면접기출,의예,경북대,경북대,T3 행동·정보,
경북의대면접문제,의예,경북대,경북대,T3 행동·정보,
경북의대면접일,의예,경북대,경북대,T3 행동·정보,
경북의대면접일정,의예,경북대,경북대,T3 행동·정보,
경북의대면접준비,의예,경북대,경북대,T3 행동·정보,
경북의대면접대비,의예,경북대,경북대,T3 행동·정보,
경북의대면접학원,의예,경북대,경북대,T3 행동·정보,
경북의대면접과외,의예,경북대,경북대,T3 행동·정보,
경북의대면접후기,의예,경북대,경북대,T3 행동·정보,
경상국립대의대면접,의예,경상국립대,경상국립대,T1 핵심,
경상국립대의대인적성면접,의예,경상국립대,경상국립대,T2 유형,
경상국립대의대생기부면접,의예,경상국립대,경상국립대,T2 유형,
경상국립대의대서류확인면접,의예,경상국립대,경상국립대,T2 유형,
경상국립대의예과면접,의예,경상국립대,경상국립대,T1 핵심,
경상국립대의예과인적성면접,의예,경상국립대,경상국립대,T2 유형,
경상국립대의예과생기부면접,의예,경상국립대,경상국립대,T2 유형,
경상국립대의예과서류확인면접,의예,경상국립대,경상국립대,T2 유형,
경상국립대의대면접기출,의예,경상국립대,경상국립대,T3 행동·정보,
경상국립대의대면접문제,의예,경상국립대,경상국립대,T3 행동·정보,
경상국립대의대면접일,의예,경상국립대,경상국립대,T3 행동·정보,
경상국립대의대면접일정,의예,경상국립대,경상국립대,T3 행동·정보,
경상국립대의대면접준비,의예,경상국립대,경상국립대,T3 행동·정보,
경상국립대의대면접대비,의예,경상국립대,경상국립대,T3 행동·정보,
경상국립대의대면접학원,의예,경상국립대,경상국립대,T3 행동·정보,
경상국립대의대면접과외,의예,경상국립대,경상국립대,T3 행동·정보,
경상국립대의대면접후기,의예,경상국립대,경상국립대,T3 행동·정보,
경상대의대면접,의예,경상국립대,경상국립대,T1 핵심,
경상대의대인적성면접,의예,경상국립대,경상국립대,T2 유형,
경상대의대생기부면접,의예,경상국립대,경상국립대,T2 유형,
경상대의대서류확인면접,의예,경상국립대,경상국립대,T2 유형,
경상대의예과면접,의예,경상국립대,경상국립대,T1 핵심,
경상대의예과인적성면접,의예,경상국립대,경상국립대,T2 유형,
경상대의예과생기부면접,의예,경상국립대,경상국립대,T2 유형,
경상대의예과서류확인면접,의예,경상국립대,경상국립대,T2 유형,
경상대의대면접기출,의예,경상국립대,경상국립대,T3 행동·정보,
경상대의대면접문제,의예,경상국립대,경상국립대,T3 행동·정보,
경상대의대면접일,의예,경상국립대,경상국립대,T3 행동·정보,
경상대의대면접일정,의예,경상국립대,경상국립대,T3 행동·정보,
경상대의대면접준비,의예,경상국립대,경상국립대,T3 행동·정보,
경상대의대면접대비,의예,경상국립대,경상국립대,T3 행동·정보,
경상대의대면접학원,의예,경상국립대,경상국립대,T3 행동·정보,
경상대의대면접과외,의예,경상국립대,경상국립대,T3 행동·정보,
경상대의대면접후기,의예,경상국립대,경상국립대,T3 행동·정보,
경상국립의대면접,의예,경상국립대,경상국립대,T1 핵심,
경상국립의대인적성면접,의예,경상국립대,경상국립대,T2 유형,
경상국립의대생기부면접,의예,경상국립대,경상국립대,T2 유형,
경상국립의대서류확인면접,의예,경상국립대,경상국립대,T2 유형,
경상국립의예과면접,의예,경상국립대,경상국립대,T1 핵심,
경상국립의예과인적성면접,의예,경상국립대,경상국립대,T2 유형,
경상국립의예과생기부면접,의예,경상국립대,경상국립대,T2 유형,
경상국립의예과서류확인면접,의예,경상국립대,경상국립대,T2 유형,
경상국립의대면접기출,의예,경상국립대,경상국립대,T3 행동·정보,
경상국립의대면접문제,의예,경상국립대,경상국립대,T3 행동·정보,
경상국립의대면접일,의예,경상국립대,경상국립대,T3 행동·정보,
경상국립의대면접일정,의예,경상국립대,경상국립대,T3 행동·정보,
경상국립의대면접준비,의예,경상국립대,경상국립대,T3 행동·정보,
경상국립의대면접대비,의예,경상국립대,경상국립대,T3 행동·정보,
경상국립의대면접학원,의예,경상국립대,경상국립대,T3 행동·정보,
경상국립의대면접과외,의예,경상국립대,경상국립대,T3 행동·정보,
경상국립의대면접후기,의예,경상국립대,경상국립대,T3 행동·정보,
계명대의대면접,의예,계명대,계명대,T1 핵심,
계명대의대mmi,의예,계명대,계명대,T2 유형,
계명대의대mmi면접,의예,계명대,계명대,T2 유형,
계명대의대다중미니면접,의예,계명대,계명대,T2 유형,
계명대의예과면접,의예,계명대,계명대,T1 핵심,
계명대의예과mmi,의예,계명대,계명대,T2 유형,
계명대의예과mmi면접,의예,계명대,계명대,T2 유형,
계명대의예과다중미니면접,의예,계명대,계명대,T2 유형,
계명대의대면접기출,의예,계명대,계명대,T3 행동·정보,
계명대의대면접문제,의예,계명대,계명대,T3 행동·정보,
계명대의대면접일,의예,계명대,계명대,T3 행동·정보,
계명대의대면접일정,의예,계명대,계명대,T3 행동·정보,
계명대의대면접준비,의예,계명대,계명대,T3 행동·정보,
계명대의대면접대비,의예,계명대,계명대,T3 행동·정보,
계명대의대면접학원,의예,계명대,계명대,T3 행동·정보,
계명대의대면접과외,의예,계명대,계명대,T3 행동·정보,
계명대의대면접후기,의예,계명대,계명대,T3 행동·정보,
계명의대면접,의예,계명대,계명대,T1 핵심,
계명의대mmi,의예,계명대,계명대,T2 유형,
계명의대mmi면접,의예,계명대,계명대,T2 유형,
계명의대다중미니면접,의예,계명대,계명대,T2 유형,
계명의예과면접,의예,계명대,계명대,T1 핵심,
계명의예과mmi,의예,계명대,계명대,T2 유형,
계명의예과mmi면접,의예,계명대,계명대,T2 유형,
계명의예과다중미니면접,의예,계명대,계명대,T2 유형,
계명의대면접기출,의예,계명대,계명대,T3 행동·정보,
계명의대면접문제,의예,계명대,계명대,T3 행동·정보,
계명의대면접일,의예,계명대,계명대,T3 행동·정보,
계명의대면접일정,의예,계명대,계명대,T3 행동·정보,
계명의대면접준비,의예,계명대,계명대,T3 행동·정보,
계명의대면접대비,의예,계명대,계명대,T3 행동·정보,
계명의대면접학원,의예,계명대,계명대,T3 행동·정보,
계명의대면접과외,의예,계명대,계명대,T3 행동·정보,
계명의대면접후기,의예,계명대,계명대,T3 행동·정보,
고신대의대면접,의예,고신대,고신대,T1 핵심,
고신대의대인적성면접,의예,고신대,고신대,T2 유형,
고신대의대생기부면접,의예,고신대,고신대,T2 유형,
고신대의대서류확인면접,의예,고신대,고신대,T2 유형,
고신대의예과면접,의예,고신대,고신대,T1 핵심,
고신대의예과인적성면접,의예,고신대,고신대,T2 유형,
고신대의예과생기부면접,의예,고신대,고신대,T2 유형,
고신대의예과서류확인면접,의예,고신대,고신대,T2 유형,
고신대의대면접기출,의예,고신대,고신대,T3 행동·정보,
고신대의대면접문제,의예,고신대,고신대,T3 행동·정보,
고신대의대면접일,의예,고신대,고신대,T3 행동·정보,
고신대의대면접일정,의예,고신대,고신대,T3 행동·정보,
고신대의대면접준비,의예,고신대,고신대,T3 행동·정보,
고신대의대면접대비,의예,고신대,고신대,T3 행동·정보,
고신대의대면접학원,의예,고신대,고신대,T3 행동·정보,
고신대의대면접과외,의예,고신대,고신대,T3 행동·정보,
고신대의대면접후기,의예,고신대,고신대,T3 행동·정보,
고신의대면접,의예,고신대,고신대,T1 핵심,
고신의대인적성면접,의예,고신대,고신대,T2 유형,
고신의대생기부면접,의예,고신대,고신대,T2 유형,
고신의대서류확인면접,의예,고신대,고신대,T2 유형,
고신의예과면접,의예,고신대,고신대,T1 핵심,
고신의예과인적성면접,의예,고신대,고신대,T2 유형,
고신의예과생기부면접,의예,고신대,고신대,T2 유형,
고신의예과서류확인면접,의예,고신대,고신대,T2 유형,
고신의대면접기출,의예,고신대,고신대,T3 행동·정보,
고신의대면접문제,의예,고신대,고신대,T3 행동·정보,
고신의대면접일,의예,고신대,고신대,T3 행동·정보,
고신의대면접일정,의예,고신대,고신대,T3 행동·정보,
고신의대면접준비,의예,고신대,고신대,T3 행동·정보,
고신의대면접대비,의예,고신대,고신대,T3 행동·정보,
고신의대면접학원,의예,고신대,고신대,T3 행동·정보,
고신의대면접과외,의예,고신대,고신대,T3 행동·정보,
고신의대면접후기,의예,고신대,고신대,T3 행동·정보,
대구가톨릭대의대면접,의예,대구가톨릭대,대구가톨릭대,T1 핵심,
대구가톨릭대의대mmi,의예,대구가톨릭대,대구가톨릭대,T2 유형,
대구가톨릭대의대mmi면접,의예,대구가톨릭대,대구가톨릭대,T2 유형,
대구가톨릭대의대다중미니면접,의예,대구가톨릭대,대구가톨릭대,T2 유형,
대구가톨릭대의예과면접,의예,대구가톨릭대,대구가톨릭대,T1 핵심,
대구가톨릭대의예과mmi,의예,대구가톨릭대,대구가톨릭대,T2 유형,
대구가톨릭대의예과mmi면접,의예,대구가톨릭대,대구가톨릭대,T2 유형,
대구가톨릭대의예과다중미니면접,의예,대구가톨릭대,대구가톨릭대,T2 유형,
대구가톨릭대의대면접기출,의예,대구가톨릭대,대구가톨릭대,T3 행동·정보,
대구가톨릭대의대면접문제,의예,대구가톨릭대,대구가톨릭대,T3 행동·정보,
대구가톨릭대의대면접일,의예,대구가톨릭대,대구가톨릭대,T3 행동·정보,
대구가톨릭대의대면접일정,의예,대구가톨릭대,대구가톨릭대,T3 행동·정보,
대구가톨릭대의대면접준비,의예,대구가톨릭대,대구가톨릭대,T3 행동·정보,
대구가톨릭대의대면접대비,의예,대구가톨릭대,대구가톨릭대,T3 행동·정보,
대구가톨릭대의대면접학원,의예,대구가톨릭대,대구가톨릭대,T3 행동·정보,
대구가톨릭대의대면접과외,의예,대구가톨릭대,대구가톨릭대,T3 행동·정보,
대구가톨릭대의대면접후기,의예,대구가톨릭대,대구가톨릭대,T3 행동·정보,
대구카톨릭대의대면접,의예,대구가톨릭대,대구가톨릭대,T1 핵심,
대구카톨릭대의대mmi,의예,대구가톨릭대,대구가톨릭대,T2 유형,
대구카톨릭대의대mmi면접,의예,대구가톨릭대,대구가톨릭대,T2 유형,
대구카톨릭대의대다중미니면접,의예,대구가톨릭대,대구가톨릭대,T2 유형,
대구카톨릭대의예과면접,의예,대구가톨릭대,대구가톨릭대,T1 핵심,
대구카톨릭대의예과mmi,의예,대구가톨릭대,대구가톨릭대,T2 유형,
대구카톨릭대의예과mmi면접,의예,대구가톨릭대,대구가톨릭대,T2 유형,
대구카톨릭대의예과다중미니면접,의예,대구가톨릭대,대구가톨릭대,T2 유형,
대구카톨릭대의대면접기출,의예,대구가톨릭대,대구가톨릭대,T3 행동·정보,
대구카톨릭대의대면접문제,의예,대구가톨릭대,대구가톨릭대,T3 행동·정보,
대구카톨릭대의대면접일,의예,대구가톨릭대,대구가톨릭대,T3 행동·정보,
대구카톨릭대의대면접일정,의예,대구가톨릭대,대구가톨릭대,T3 행동·정보,
대구카톨릭대의대면접준비,의예,대구가톨릭대,대구가톨릭대,T3 행동·정보,
대구카톨릭대의대면접대비,의예,대구가톨릭대,대구가톨릭대,T3 행동·정보,
대구카톨릭대의대면접학원,의예,대구가톨릭대,대구가톨릭대,T3 행동·정보,
대구카톨릭대의대면접과외,의예,대구가톨릭대,대구가톨릭대,T3 행동·정보,
대구카톨릭대의대면접후기,의예,대구가톨릭대,대구가톨릭대,T3 행동·정보,
대가대의대면접,의예,대구가톨릭대,대구가톨릭대,T1 핵심,
대가대의대mmi,의예,대구가톨릭대,대구가톨릭대,T2 유형,
대가대의대mmi면접,의예,대구가톨릭대,대구가톨릭대,T2 유형,
대가대의대다중미니면접,의예,대구가톨릭대,대구가톨릭대,T2 유형,
대가대의예과면접,의예,대구가톨릭대,대구가톨릭대,T1 핵심,
대가대의예과mmi,의예,대구가톨릭대,대구가톨릭대,T2 유형,
대가대의예과mmi면접,의예,대구가톨릭대,대구가톨릭대,T2 유형,
대가대의예과다중미니면접,의예,대구가톨릭대,대구가톨릭대,T2 유형,
대가대의대면접기출,의예,대구가톨릭대,대구가톨릭대,T3 행동·정보,
대가대의대면접문제,의예,대구가톨릭대,대구가톨릭대,T3 행동·정보,
대가대의대면접일,의예,대구가톨릭대,대구가톨릭대,T3 행동·정보,
대가대의대면접일정,의예,대구가톨릭대,대구가톨릭대,T3 행동·정보,
대가대의대면접준비,의예,대구가톨릭대,대구가톨릭대,T3 행동·정보,
대가대의대면접대비,의예,대구가톨릭대,대구가톨릭대,T3 행동·정보,
대가대의대면접학원,의예,대구가톨릭대,대구가톨릭대,T3 행동·정보,
대가대의대면접과외,의예,대구가톨릭대,대구가톨릭대,T3 행동·정보,
대가대의대면접후기,의예,대구가톨릭대,대구가톨릭대,T3 행동·정보,
대구가톨릭의대면접,의예,대구가톨릭대,대구가톨릭대,T1 핵심,
대구가톨릭의대mmi,의예,대구가톨릭대,대구가톨릭대,T2 유형,
대구가톨릭의대mmi면접,의예,대구가톨릭대,대구가톨릭대,T2 유형,
대구가톨릭의대다중미니면접,의예,대구가톨릭대,대구가톨릭대,T2 유형,
대구가톨릭의예과면접,의예,대구가톨릭대,대구가톨릭대,T1 핵심,
대구가톨릭의예과mmi,의예,대구가톨릭대,대구가톨릭대,T2 유형,
대구가톨릭의예과mmi면접,의예,대구가톨릭대,대구가톨릭대,T2 유형,
대구가톨릭의예과다중미니면접,의예,대구가톨릭대,대구가톨릭대,T2 유형,
대구가톨릭의대면접기출,의예,대구가톨릭대,대구가톨릭대,T3 행동·정보,
대구가톨릭의대면접문제,의예,대구가톨릭대,대구가톨릭대,T3 행동·정보,
대구가톨릭의대면접일,의예,대구가톨릭대,대구가톨릭대,T3 행동·정보,
대구가톨릭의대면접일정,의예,대구가톨릭대,대구가톨릭대,T3 행동·정보,
대구가톨릭의대면접준비,의예,대구가톨릭대,대구가톨릭대,T3 행동·정보,
대구가톨릭의대면접대비,의예,대구가톨릭대,대구가톨릭대,T3 행동·정보,
대구가톨릭의대면접학원,의예,대구가톨릭대,대구가톨릭대,T3 행동·정보,
대구가톨릭의대면접과외,의예,대구가톨릭대,대구가톨릭대,T3 행동·정보,
대구가톨릭의대면접후기,의예,대구가톨릭대,대구가톨릭대,T3 행동·정보,
동국대WISE의대면접,의예,동국대 WISE,동국대 WISE,T1 핵심,
동국대WISE의대인적성면접,의예,동국대 WISE,동국대 WISE,T2 유형,
동국대WISE의대생기부면접,의예,동국대 WISE,동국대 WISE,T2 유형,
동국대WISE의대서류확인면접,의예,동국대 WISE,동국대 WISE,T2 유형,
동국대WISE의예과면접,의예,동국대 WISE,동국대 WISE,T1 핵심,
동국대WISE의예과인적성면접,의예,동국대 WISE,동국대 WISE,T2 유형,
동국대WISE의예과생기부면접,의예,동국대 WISE,동국대 WISE,T2 유형,
동국대WISE의예과서류확인면접,의예,동국대 WISE,동국대 WISE,T2 유형,
동국대WISE의대면접기출,의예,동국대 WISE,동국대 WISE,T3 행동·정보,
동국대WISE의대면접문제,의예,동국대 WISE,동국대 WISE,T3 행동·정보,
동국대WISE의대면접일,의예,동국대 WISE,동국대 WISE,T3 행동·정보,
동국대WISE의대면접일정,의예,동국대 WISE,동국대 WISE,T3 행동·정보,
동국대WISE의대면접준비,의예,동국대 WISE,동국대 WISE,T3 행동·정보,
동국대WISE의대면접대비,의예,동국대 WISE,동국대 WISE,T3 행동·정보,
동국대WISE의대면접학원,의예,동국대 WISE,동국대 WISE,T3 행동·정보,
동국대WISE의대면접과외,의예,동국대 WISE,동국대 WISE,T3 행동·정보,
동국대WISE의대면접후기,의예,동국대 WISE,동국대 WISE,T3 행동·정보,
동국대와이즈의대면접,의예,동국대 WISE,동국대 WISE,T1 핵심,
동국대와이즈의대인적성면접,의예,동국대 WISE,동국대 WISE,T2 유형,
동국대와이즈의대생기부면접,의예,동국대 WISE,동국대 WISE,T2 유형,
동국대와이즈의대서류확인면접,의예,동국대 WISE,동국대 WISE,T2 유형,
동국대와이즈의예과면접,의예,동국대 WISE,동국대 WISE,T1 핵심,
동국대와이즈의예과인적성면접,의예,동국대 WISE,동국대 WISE,T2 유형,
동국대와이즈의예과생기부면접,의예,동국대 WISE,동국대 WISE,T2 유형,
동국대와이즈의예과서류확인면접,의예,동국대 WISE,동국대 WISE,T2 유형,
동국대와이즈의대면접기출,의예,동국대 WISE,동국대 WISE,T3 행동·정보,
동국대와이즈의대면접문제,의예,동국대 WISE,동국대 WISE,T3 행동·정보,
동국대와이즈의대면접일,의예,동국대 WISE,동국대 WISE,T3 행동·정보,
동국대와이즈의대면접일정,의예,동국대 WISE,동국대 WISE,T3 행동·정보,
동국대와이즈의대면접준비,의예,동국대 WISE,동국대 WISE,T3 행동·정보,
동국대와이즈의대면접대비,의예,동국대 WISE,동국대 WISE,T3 행동·정보,
동국대와이즈의대면접학원,의예,동국대 WISE,동국대 WISE,T3 행동·정보,
동국대와이즈의대면접과외,의예,동국대 WISE,동국대 WISE,T3 행동·정보,
동국대와이즈의대면접후기,의예,동국대 WISE,동국대 WISE,T3 행동·정보,
동국대경주의대면접,의예,동국대 WISE,동국대 WISE,T1 핵심,
동국대경주의대인적성면접,의예,동국대 WISE,동국대 WISE,T2 유형,
동국대경주의대생기부면접,의예,동국대 WISE,동국대 WISE,T2 유형,
동국대경주의대서류확인면접,의예,동국대 WISE,동국대 WISE,T2 유형,
동국대경주의예과면접,의예,동국대 WISE,동국대 WISE,T1 핵심,
동국대경주의예과인적성면접,의예,동국대 WISE,동국대 WISE,T2 유형,
동국대경주의예과생기부면접,의예,동국대 WISE,동국대 WISE,T2 유형,
동국대경주의예과서류확인면접,의예,동국대 WISE,동국대 WISE,T2 유형,
동국대경주의대면접기출,의예,동국대 WISE,동국대 WISE,T3 행동·정보,
동국대경주의대면접문제,의예,동국대 WISE,동국대 WISE,T3 행동·정보,
동국대경주의대면접일,의예,동국대 WISE,동국대 WISE,T3 행동·정보,
동국대경주의대면접일정,의예,동국대 WISE,동국대 WISE,T3 행동·정보,
동국대경주의대면접준비,의예,동국대 WISE,동국대 WISE,T3 행동·정보,
동국대경주의대면접대비,의예,동국대 WISE,동국대 WISE,T3 행동·정보,
동국대경주의대면접학원,의예,동국대 WISE,동국대 WISE,T3 행동·정보,
동국대경주의대면접과외,의예,동국대 WISE,동국대 WISE,T3 행동·정보,
동국대경주의대면접후기,의예,동국대 WISE,동국대 WISE,T3 행동·정보,
경주동국대의대면접,의예,동국대 WISE,동국대 WISE,T1 핵심,
경주동국대의대인적성면접,의예,동국대 WISE,동국대 WISE,T2 유형,
경주동국대의대생기부면접,의예,동국대 WISE,동국대 WISE,T2 유형,
경주동국대의대서류확인면접,의예,동국대 WISE,동국대 WISE,T2 유형,
경주동국대의예과면접,의예,동국대 WISE,동국대 WISE,T1 핵심,
경주동국대의예과인적성면접,의예,동국대 WISE,동국대 WISE,T2 유형,
경주동국대의예과생기부면접,의예,동국대 WISE,동국대 WISE,T2 유형,
경주동국대의예과서류확인면접,의예,동국대 WISE,동국대 WISE,T2 유형,
경주동국대의대면접기출,의예,동국대 WISE,동국대 WISE,T3 행동·정보,
경주동국대의대면접문제,의예,동국대 WISE,동국대 WISE,T3 행동·정보,
경주동국대의대면접일,의예,동국대 WISE,동국대 WISE,T3 행동·정보,
경주동국대의대면접일정,의예,동국대 WISE,동국대 WISE,T3 행동·정보,
경주동국대의대면접준비,의예,동국대 WISE,동국대 WISE,T3 행동·정보,
경주동국대의대면접대비,의예,동국대 WISE,동국대 WISE,T3 행동·정보,
경주동국대의대면접학원,의예,동국대 WISE,동국대 WISE,T3 행동·정보,
경주동국대의대면접과외,의예,동국대 WISE,동국대 WISE,T3 행동·정보,
경주동국대의대면접후기,의예,동국대 WISE,동국대 WISE,T3 행동·정보,
동국대의대면접,의예,동국대 WISE,동국대 WISE,T1 핵심,서울캠퍼스는 의대가 없어 실제로는 WISE 를 가리킨다
동국대의대인적성면접,의예,동국대 WISE,동국대 WISE,T2 유형,서울캠퍼스는 의대가 없어 실제로는 WISE 를 가리킨다
동국대의대생기부면접,의예,동국대 WISE,동국대 WISE,T2 유형,서울캠퍼스는 의대가 없어 실제로는 WISE 를 가리킨다
동국대의대서류확인면접,의예,동국대 WISE,동국대 WISE,T2 유형,서울캠퍼스는 의대가 없어 실제로는 WISE 를 가리킨다
동국대의예과면접,의예,동국대 WISE,동국대 WISE,T1 핵심,서울캠퍼스는 의대가 없어 실제로는 WISE 를 가리킨다
동국대의예과인적성면접,의예,동국대 WISE,동국대 WISE,T2 유형,서울캠퍼스는 의대가 없어 실제로는 WISE 를 가리킨다
동국대의예과생기부면접,의예,동국대 WISE,동국대 WISE,T2 유형,서울캠퍼스는 의대가 없어 실제로는 WISE 를 가리킨다
동국대의예과서류확인면접,의예,동국대 WISE,동국대 WISE,T2 유형,서울캠퍼스는 의대가 없어 실제로는 WISE 를 가리킨다
동국대의대면접기출,의예,동국대 WISE,동국대 WISE,T3 행동·정보,서울캠퍼스는 의대가 없어 실제로는 WISE 를 가리킨다
동국대의대면접문제,의예,동국대 WISE,동국대 WISE,T3 행동·정보,서울캠퍼스는 의대가 없어 실제로는 WISE 를 가리킨다
동국대의대면접일,의예,동국대 WISE,동국대 WISE,T3 행동·정보,서울캠퍼스는 의대가 없어 실제로는 WISE 를 가리킨다
동국대의대면접일정,의예,동국대 WISE,동국대 WISE,T3 행동·정보,서울캠퍼스는 의대가 없어 실제로는 WISE 를 가리킨다
동국대의대면접준비,의예,동국대 WISE,동국대 WISE,T3 행동·정보,서울캠퍼스는 의대가 없어 실제로는 WISE 를 가리킨다
동국대의대면접대비,의예,동국대 WISE,동국대 WISE,T3 행동·정보,서울캠퍼스는 의대가 없어 실제로는 WISE 를 가리킨다
동국대의대면접학원,의예,동국대 WISE,동국대 WISE,T3 행동·정보,서울캠퍼스는 의대가 없어 실제로는 WISE 를 가리킨다
동국대의대면접과외,의예,동국대 WISE,동국대 WISE,T3 행동·정보,서울캠퍼스는 의대가 없어 실제로는 WISE 를 가리킨다
동국대의대면접후기,의예,동국대 WISE,동국대 WISE,T3 행동·정보,서울캠퍼스는 의대가 없어 실제로는 WISE 를 가리킨다
동아대의대면접,의예,동아대,동아대,T1 핵심,
동아대의대인적성면접,의예,동아대,동아대,T2 유형,
동아대의대생기부면접,의예,동아대,동아대,T2 유형,
동아대의대서류확인면접,의예,동아대,동아대,T2 유형,
동아대의예과면접,의예,동아대,동아대,T1 핵심,
동아대의예과인적성면접,의예,동아대,동아대,T2 유형,
동아대의예과생기부면접,의예,동아대,동아대,T2 유형,
동아대의예과서류확인면접,의예,동아대,동아대,T2 유형,
동아대의대면접기출,의예,동아대,동아대,T3 행동·정보,
동아대의대면접문제,의예,동아대,동아대,T3 행동·정보,
동아대의대면접일,의예,동아대,동아대,T3 행동·정보,
동아대의대면접일정,의예,동아대,동아대,T3 행동·정보,
동아대의대면접준비,의예,동아대,동아대,T3 행동·정보,
동아대의대면접대비,의예,동아대,동아대,T3 행동·정보,
동아대의대면접학원,의예,동아대,동아대,T3 행동·정보,
동아대의대면접과외,의예,동아대,동아대,T3 행동·정보,
동아대의대면접후기,의예,동아대,동아대,T3 행동·정보,
동아의대면접,의예,동아대,동아대,T1 핵심,
동아의대인적성면접,의예,동아대,동아대,T2 유형,
동아의대생기부면접,의예,동아대,동아대,T2 유형,
동아의대서류확인면접,의예,동아대,동아대,T2 유형,
동아의예과면접,의예,동아대,동아대,T1 핵심,
동아의예과인적성면접,의예,동아대,동아대,T2 유형,
동아의예과생기부면접,의예,동아대,동아대,T2 유형,
동아의예과서류확인면접,의예,동아대,동아대,T2 유형,
동아의대면접기출,의예,동아대,동아대,T3 행동·정보,
동아의대면접문제,의예,동아대,동아대,T3 행동·정보,
동아의대면접일,의예,동아대,동아대,T3 행동·정보,
동아의대면접일정,의예,동아대,동아대,T3 행동·정보,
동아의대면접준비,의예,동아대,동아대,T3 행동·정보,
동아의대면접대비,의예,동아대,동아대,T3 행동·정보,
동아의대면접학원,의예,동아대,동아대,T3 행동·정보,
동아의대면접과외,의예,동아대,동아대,T3 행동·정보,
동아의대면접후기,의예,동아대,동아대,T3 행동·정보,
부산대의대면접,의예,부산대,부산대,T1 핵심,
부산대의대mmi,의예,부산대,부산대,T2 유형,
부산대의대mmi면접,의예,부산대,부산대,T2 유형,
부산대의대다중미니면접,의예,부산대,부산대,T2 유형,
부산대의예과면접,의예,부산대,부산대,T1 핵심,
부산대의예과mmi,의예,부산대,부산대,T2 유형,
부산대의예과mmi면접,의예,부산대,부산대,T2 유형,
부산대의예과다중미니면접,의예,부산대,부산대,T2 유형,
부산대의대면접기출,의예,부산대,부산대,T3 행동·정보,
부산대의대면접문제,의예,부산대,부산대,T3 행동·정보,
부산대의대면접일,의예,부산대,부산대,T3 행동·정보,
부산대의대면접일정,의예,부산대,부산대,T3 행동·정보,
부산대의대면접준비,의예,부산대,부산대,T3 행동·정보,
부산대의대면접대비,의예,부산대,부산대,T3 행동·정보,
부산대의대면접학원,의예,부산대,부산대,T3 행동·정보,
부산대의대면접과외,의예,부산대,부산대,T3 행동·정보,
부산대의대면접후기,의예,부산대,부산대,T3 행동·정보,
부대의대면접,의예,부산대,부산대,T1 핵심,일반명사 '부대'와 충돌
부대의대mmi,의예,부산대,부산대,T2 유형,일반명사 '부대'와 충돌
부대의대mmi면접,의예,부산대,부산대,T2 유형,일반명사 '부대'와 충돌
부대의대다중미니면접,의예,부산대,부산대,T2 유형,일반명사 '부대'와 충돌
부대의예과면접,의예,부산대,부산대,T1 핵심,일반명사 '부대'와 충돌
부대의예과mmi,의예,부산대,부산대,T2 유형,일반명사 '부대'와 충돌
부대의예과mmi면접,의예,부산대,부산대,T2 유형,일반명사 '부대'와 충돌
부대의예과다중미니면접,의예,부산대,부산대,T2 유형,일반명사 '부대'와 충돌
부대의대면접기출,의예,부산대,부산대,T3 행동·정보,일반명사 '부대'와 충돌
부대의대면접문제,의예,부산대,부산대,T3 행동·정보,일반명사 '부대'와 충돌
부대의대면접일,의예,부산대,부산대,T3 행동·정보,일반명사 '부대'와 충돌
부대의대면접일정,의예,부산대,부산대,T3 행동·정보,일반명사 '부대'와 충돌
부대의대면접준비,의예,부산대,부산대,T3 행동·정보,일반명사 '부대'와 충돌
부대의대면접대비,의예,부산대,부산대,T3 행동·정보,일반명사 '부대'와 충돌
부대의대면접학원,의예,부산대,부산대,T3 행동·정보,일반명사 '부대'와 충돌
부대의대면접과외,의예,부산대,부산대,T3 행동·정보,일반명사 '부대'와 충돌
부대의대면접후기,의예,부산대,부산대,T3 행동·정보,일반명사 '부대'와 충돌
부산의대면접,의예,부산대,부산대,T1 핵심,
부산의대mmi,의예,부산대,부산대,T2 유형,
부산의대mmi면접,의예,부산대,부산대,T2 유형,
부산의대다중미니면접,의예,부산대,부산대,T2 유형,
부산의예과면접,의예,부산대,부산대,T1 핵심,
부산의예과mmi,의예,부산대,부산대,T2 유형,
부산의예과mmi면접,의예,부산대,부산대,T2 유형,
부산의예과다중미니면접,의예,부산대,부산대,T2 유형,
부산의대면접기출,의예,부산대,부산대,T3 행동·정보,
부산의대면접문제,의예,부산대,부산대,T3 행동·정보,
부산의대면접일,의예,부산대,부산대,T3 행동·정보,
부산의대면접일정,의예,부산대,부산대,T3 행동·정보,
부산의대면접준비,의예,부산대,부산대,T3 행동·정보,
부산의대면접대비,의예,부산대,부산대,T3 행동·정보,
부산의대면접학원,의예,부산대,부산대,T3 행동·정보,
부산의대면접과외,의예,부산대,부산대,T3 행동·정보,
부산의대면접후기,의예,부산대,부산대,T3 행동·정보,
영남대의대면접,의예,영남대,영남대,T1 핵심,
영남대의대제시문면접,의예,영남대,영남대,T2 유형,
영남대의대제시문,의예,영남대,영남대,T2 유형,
영남대의예과면접,의예,영남대,영남대,T1 핵심,
영남대의예과제시문면접,의예,영남대,영남대,T2 유형,
영남대의예과제시문,의예,영남대,영남대,T2 유형,
영남대의대면접기출,의예,영남대,영남대,T3 행동·정보,
영남대의대면접문제,의예,영남대,영남대,T3 행동·정보,
영남대의대면접일,의예,영남대,영남대,T3 행동·정보,
영남대의대면접일정,의예,영남대,영남대,T3 행동·정보,
영남대의대면접준비,의예,영남대,영남대,T3 행동·정보,
영남대의대면접대비,의예,영남대,영남대,T3 행동·정보,
영남대의대면접학원,의예,영남대,영남대,T3 행동·정보,
영남대의대면접과외,의예,영남대,영남대,T3 행동·정보,
영남대의대면접후기,의예,영남대,영남대,T3 행동·정보,
영남의대면접,의예,영남대,영남대,T1 핵심,
영남의대제시문면접,의예,영남대,영남대,T2 유형,
영남의대제시문,의예,영남대,영남대,T2 유형,
영남의예과면접,의예,영남대,영남대,T1 핵심,
영남의예과제시문면접,의예,영남대,영남대,T2 유형,
영남의예과제시문,의예,영남대,영남대,T2 유형,
영남의대면접기출,의예,영남대,영남대,T3 행동·정보,
영남의대면접문제,의예,영남대,영남대,T3 행동·정보,
영남의대면접일,의예,영남대,영남대,T3 행동·정보,
영남의대면접일정,의예,영남대,영남대,T3 행동·정보,
영남의대면접준비,의예,영남대,영남대,T3 행동·정보,
영남의대면접대비,의예,영남대,영남대,T3 행동·정보,
영남의대면접학원,의예,영남대,영남대,T3 행동·정보,
영남의대면접과외,의예,영남대,영남대,T3 행동·정보,
영남의대면접후기,의예,영남대,영남대,T3 행동·정보,
울산대의대면접,의예,울산대,울산대,T1 핵심,
울산대의대mmi,의예,울산대,울산대,T2 유형,
울산대의대mmi면접,의예,울산대,울산대,T2 유형,
울산대의대다중미니면접,의예,울산대,울산대,T2 유형,
울산대의예과면접,의예,울산대,울산대,T1 핵심,
울산대의예과mmi,의예,울산대,울산대,T2 유형,
울산대의예과mmi면접,의예,울산대,울산대,T2 유형,
울산대의예과다중미니면접,의예,울산대,울산대,T2 유형,
울산대의대면접기출,의예,울산대,울산대,T3 행동·정보,
울산대의대면접문제,의예,울산대,울산대,T3 행동·정보,
울산대의대면접일,의예,울산대,울산대,T3 행동·정보,
울산대의대면접일정,의예,울산대,울산대,T3 행동·정보,
울산대의대면접준비,의예,울산대,울산대,T3 행동·정보,
울산대의대면접대비,의예,울산대,울산대,T3 행동·정보,
울산대의대면접학원,의예,울산대,울산대,T3 행동·정보,
울산대의대면접과외,의예,울산대,울산대,T3 행동·정보,
울산대의대면접후기,의예,울산대,울산대,T3 행동·정보,
울산의대면접,의예,울산대,울산대,T1 핵심,
울산의대mmi,의예,울산대,울산대,T2 유형,
울산의대mmi면접,의예,울산대,울산대,T2 유형,
울산의대다중미니면접,의예,울산대,울산대,T2 유형,
울산의예과면접,의예,울산대,울산대,T1 핵심,
울산의예과mmi,의예,울산대,울산대,T2 유형,
울산의예과mmi면접,의예,울산대,울산대,T2 유형,
울산의예과다중미니면접,의예,울산대,울산대,T2 유형,
울산의대면접기출,의예,울산대,울산대,T3 행동·정보,
울산의대면접문제,의예,울산대,울산대,T3 행동·정보,
울산의대면접일,의예,울산대,울산대,T3 행동·정보,
울산의대면접일정,의예,울산대,울산대,T3 행동·정보,
울산의대면접준비,의예,울산대,울산대,T3 행동·정보,
울산의대면접대비,의예,울산대,울산대,T3 행동·정보,
울산의대면접학원,의예,울산대,울산대,T3 행동·정보,
울산의대면접과외,의예,울산대,울산대,T3 행동·정보,
울산의대면접후기,의예,울산대,울산대,T3 행동·정보,
인제대의대면접,의예,인제대,인제대,T1 핵심,
인제대의대mmi,의예,인제대,인제대,T2 유형,
인제대의대mmi면접,의예,인제대,인제대,T2 유형,
인제대의대다중미니면접,의예,인제대,인제대,T2 유형,
인제대의예과면접,의예,인제대,인제대,T1 핵심,
인제대의예과mmi,의예,인제대,인제대,T2 유형,
인제대의예과mmi면접,의예,인제대,인제대,T2 유형,
인제대의예과다중미니면접,의예,인제대,인제대,T2 유형,
인제대의대면접기출,의예,인제대,인제대,T3 행동·정보,
인제대의대면접문제,의예,인제대,인제대,T3 행동·정보,
인제대의대면접일,의예,인제대,인제대,T3 행동·정보,
인제대의대면접일정,의예,인제대,인제대,T3 행동·정보,
인제대의대면접준비,의예,인제대,인제대,T3 행동·정보,
인제대의대면접대비,의예,인제대,인제대,T3 행동·정보,
인제대의대면접학원,의예,인제대,인제대,T3 행동·정보,
인제대의대면접과외,의예,인제대,인제대,T3 행동·정보,
인제대의대면접후기,의예,인제대,인제대,T3 행동·정보,
인제의대면접,의예,인제대,인제대,T1 핵심,
인제의대mmi,의예,인제대,인제대,T2 유형,
인제의대mmi면접,의예,인제대,인제대,T2 유형,
인제의대다중미니면접,의예,인제대,인제대,T2 유형,
인제의예과면접,의예,인제대,인제대,T1 핵심,
인제의예과mmi,의예,인제대,인제대,T2 유형,
인제의예과mmi면접,의예,인제대,인제대,T2 유형,
인제의예과다중미니면접,의예,인제대,인제대,T2 유형,
인제의대면접기출,의예,인제대,인제대,T3 행동·정보,
인제의대면접문제,의예,인제대,인제대,T3 행동·정보,
인제의대면접일,의예,인제대,인제대,T3 행동·정보,
인제의대면접일정,의예,인제대,인제대,T3 행동·정보,
인제의대면접준비,의예,인제대,인제대,T3 행동·정보,
인제의대면접대비,의예,인제대,인제대,T3 행동·정보,
인제의대면접학원,의예,인제대,인제대,T3 행동·정보,
인제의대면접과외,의예,인제대,인제대,T3 행동·정보,
인제의대면접후기,의예,인제대,인제대,T3 행동·정보,
제주대의대면접,의예,제주대,제주대,T1 핵심,
제주대의대인적성면접,의예,제주대,제주대,T2 유형,
제주대의대생기부면접,의예,제주대,제주대,T2 유형,
제주대의대서류확인면접,의예,제주대,제주대,T2 유형,
제주대의예과면접,의예,제주대,제주대,T1 핵심,
제주대의예과인적성면접,의예,제주대,제주대,T2 유형,
제주대의예과생기부면접,의예,제주대,제주대,T2 유형,
제주대의예과서류확인면접,의예,제주대,제주대,T2 유형,
제주대의대면접기출,의예,제주대,제주대,T3 행동·정보,
제주대의대면접문제,의예,제주대,제주대,T3 행동·정보,
제주대의대면접일,의예,제주대,제주대,T3 행동·정보,
제주대의대면접일정,의예,제주대,제주대,T3 행동·정보,
제주대의대면접준비,의예,제주대,제주대,T3 행동·정보,
제주대의대면접대비,의예,제주대,제주대,T3 행동·정보,
제주대의대면접학원,의예,제주대,제주대,T3 행동·정보,
제주대의대면접과외,의예,제주대,제주대,T3 행동·정보,
제주대의대면접후기,의예,제주대,제주대,T3 행동·정보,
제주의대면접,의예,제주대,제주대,T1 핵심,
제주의대인적성면접,의예,제주대,제주대,T2 유형,
제주의대생기부면접,의예,제주대,제주대,T2 유형,
제주의대서류확인면접,의예,제주대,제주대,T2 유형,
제주의예과면접,의예,제주대,제주대,T1 핵심,
제주의예과인적성면접,의예,제주대,제주대,T2 유형,
제주의예과생기부면접,의예,제주대,제주대,T2 유형,
제주의예과서류확인면접,의예,제주대,제주대,T2 유형,
제주의대면접기출,의예,제주대,제주대,T3 행동·정보,
제주의대면접문제,의예,제주대,제주대,T3 행동·정보,
제주의대면접일,의예,제주대,제주대,T3 행동·정보,
제주의대면접일정,의예,제주대,제주대,T3 행동·정보,
제주의대면접준비,의예,제주대,제주대,T3 행동·정보,
제주의대면접대비,의예,제주대,제주대,T3 행동·정보,
제주의대면접학원,의예,제주대,제주대,T3 행동·정보,
제주의대면접과외,의예,제주대,제주대,T3 행동·정보,
제주의대면접후기,의예,제주대,제주대,T3 행동·정보,
치대면접,치의예,(공통),치의예 공통,T0,
치대면접학원,치의예,(공통),치의예 공통,T0,
치대면접과외,치의예,(공통),치의예 공통,T0,
치대면접준비,치의예,(공통),치의예 공통,T0,
치대면접대비,치의예,(공통),치의예 공통,T0,
치대면접기출,치의예,(공통),치의예 공통,T0,
치대면접일정,치의예,(공통),치의예 공통,T0,
치대면접후기,치의예,(공통),치의예 공통,T0,
치대면접유형,치의예,(공통),치의예 공통,T0,
치대수시면접,치의예,(공통),치의예 공통,T0,
치대mmi면접,치의예,(공통),치의예 공통,T0,
치대인적성면접,치의예,(공통),치의예 공통,T0,
치의예과면접,치의예,(공통),치의예 공통,T0,
치의예과면접학원,치의예,(공통),치의예 공통,T0,
치의예과면접과외,치의예,(공통),치의예 공통,T0,
치의예과면접준비,치의예,(공통),치의예 공통,T0,
치의예과면접대비,치의예,(공통),치의예 공통,T0,
치의예과면접기출,치의예,(공통),치의예 공통,T0,
치의예과면접일정,치의예,(공통),치의예 공통,T0,
치의예과면접후기,치의예,(공통),치의예 공통,T0,
치의예과면접유형,치의예,(공통),치의예 공통,T0,
치의예과수시면접,치의예,(공통),치의예 공통,T0,
치의예과mmi면접,치의예,(공통),치의예 공통,T0,
치의예과인적성면접,치의예,(공통),치의예 공통,T0,
치의학과면접,치의예,(공통),치의예 공통,T0,
치의학과면접학원,치의예,(공통),치의예 공통,T0,
치의학과면접과외,치의예,(공통),치의예 공통,T0,
치의학과면접준비,치의예,(공통),치의예 공통,T0,
치의학과면접대비,치의예,(공통),치의예 공통,T0,
치의학과면접기출,치의예,(공통),치의예 공통,T0,
치의학과면접일정,치의예,(공통),치의예 공통,T0,
치의학과면접후기,치의예,(공통),치의예 공통,T0,
치의학과면접유형,치의예,(공통),치의예 공통,T0,
치의학과수시면접,치의예,(공통),치의예 공통,T0,
치의학과mmi면접,치의예,(공통),치의예 공통,T0,
치의학과인적성면접,치의예,(공통),치의예 공통,T0,
서울대치대면접,치의예,서울대,치의예 · 서울대,T1 핵심,
서울대치의예과면접,치의예,서울대,치의예 · 서울대,T1 핵심,
서울대치의학과면접,치의예,서울대,치의예 · 서울대,T1 핵심,
서울대치대면접기출,치의예,서울대,치의예 · 서울대,T3 행동·정보,
서울대치대면접문제,치의예,서울대,치의예 · 서울대,T3 행동·정보,
서울대치대면접일,치의예,서울대,치의예 · 서울대,T3 행동·정보,
서울대치대면접일정,치의예,서울대,치의예 · 서울대,T3 행동·정보,
서울대치대면접준비,치의예,서울대,치의예 · 서울대,T3 행동·정보,
서울대치대면접대비,치의예,서울대,치의예 · 서울대,T3 행동·정보,
서울대치대면접학원,치의예,서울대,치의예 · 서울대,T3 행동·정보,
서울대치대면접과외,치의예,서울대,치의예 · 서울대,T3 행동·정보,
서울대치대면접후기,치의예,서울대,치의예 · 서울대,T3 행동·정보,
서울치대면접,치의예,서울대,치의예 · 서울대,T1 핵심,
서울치의예과면접,치의예,서울대,치의예 · 서울대,T1 핵심,
서울치의학과면접,치의예,서울대,치의예 · 서울대,T1 핵심,
서울치대면접기출,치의예,서울대,치의예 · 서울대,T3 행동·정보,
서울치대면접문제,치의예,서울대,치의예 · 서울대,T3 행동·정보,
서울치대면접일,치의예,서울대,치의예 · 서울대,T3 행동·정보,
서울치대면접일정,치의예,서울대,치의예 · 서울대,T3 행동·정보,
서울치대면접준비,치의예,서울대,치의예 · 서울대,T3 행동·정보,
서울치대면접대비,치의예,서울대,치의예 · 서울대,T3 행동·정보,
서울치대면접학원,치의예,서울대,치의예 · 서울대,T3 행동·정보,
서울치대면접과외,치의예,서울대,치의예 · 서울대,T3 행동·정보,
서울치대면접후기,치의예,서울대,치의예 · 서울대,T3 행동·정보,
설대치대면접,치의예,서울대,치의예 · 서울대,T1 핵심,은어
설대치의예과면접,치의예,서울대,치의예 · 서울대,T1 핵심,은어
설대치의학과면접,치의예,서울대,치의예 · 서울대,T1 핵심,은어
설대치대면접기출,치의예,서울대,치의예 · 서울대,T3 행동·정보,은어
설대치대면접문제,치의예,서울대,치의예 · 서울대,T3 행동·정보,은어
설대치대면접일,치의예,서울대,치의예 · 서울대,T3 행동·정보,은어
설대치대면접일정,치의예,서울대,치의예 · 서울대,T3 행동·정보,은어
설대치대면접준비,치의예,서울대,치의예 · 서울대,T3 행동·정보,은어
설대치대면접대비,치의예,서울대,치의예 · 서울대,T3 행동·정보,은어
설대치대면접학원,치의예,서울대,치의예 · 서울대,T3 행동·정보,은어
설대치대면접과외,치의예,서울대,치의예 · 서울대,T3 행동·정보,은어
설대치대면접후기,치의예,서울대,치의예 · 서울대,T3 행동·정보,은어
연세대치대면접,치의예,연세대,치의예 · 연세대,T1 핵심,
연세대치의예과면접,치의예,연세대,치의예 · 연세대,T1 핵심,
연세대치의학과면접,치의예,연세대,치의예 · 연세대,T1 핵심,
연세대치대면접기출,치의예,연세대,치의예 · 연세대,T3 행동·정보,
연세대치대면접문제,치의예,연세대,치의예 · 연세대,T3 행동·정보,
연세대치대면접일,치의예,연세대,치의예 · 연세대,T3 행동·정보,
연세대치대면접일정,치의예,연세대,치의예 · 연세대,T3 행동·정보,
연세대치대면접준비,치의예,연세대,치의예 · 연세대,T3 행동·정보,
연세대치대면접대비,치의예,연세대,치의예 · 연세대,T3 행동·정보,
연세대치대면접학원,치의예,연세대,치의예 · 연세대,T3 행동·정보,
연세대치대면접과외,치의예,연세대,치의예 · 연세대,T3 행동·정보,
연세대치대면접후기,치의예,연세대,치의예 · 연세대,T3 행동·정보,
연대치대면접,치의예,연세대,치의예 · 연세대,T1 핵심,
연대치의예과면접,치의예,연세대,치의예 · 연세대,T1 핵심,
연대치의학과면접,치의예,연세대,치의예 · 연세대,T1 핵심,
연대치대면접기출,치의예,연세대,치의예 · 연세대,T3 행동·정보,
연대치대면접문제,치의예,연세대,치의예 · 연세대,T3 행동·정보,
연대치대면접일,치의예,연세대,치의예 · 연세대,T3 행동·정보,
연대치대면접일정,치의예,연세대,치의예 · 연세대,T3 행동·정보,
연대치대면접준비,치의예,연세대,치의예 · 연세대,T3 행동·정보,
연대치대면접대비,치의예,연세대,치의예 · 연세대,T3 행동·정보,
연대치대면접학원,치의예,연세대,치의예 · 연세대,T3 행동·정보,
연대치대면접과외,치의예,연세대,치의예 · 연세대,T3 행동·정보,
연대치대면접후기,치의예,연세대,치의예 · 연세대,T3 행동·정보,
연세치대면접,치의예,연세대,치의예 · 연세대,T1 핵심,
연세치의예과면접,치의예,연세대,치의예 · 연세대,T1 핵심,
연세치의학과면접,치의예,연세대,치의예 · 연세대,T1 핵심,
연세치대면접기출,치의예,연세대,치의예 · 연세대,T3 행동·정보,
연세치대면접문제,치의예,연세대,치의예 · 연세대,T3 행동·정보,
연세치대면접일,치의예,연세대,치의예 · 연세대,T3 행동·정보,
연세치대면접일정,치의예,연세대,치의예 · 연세대,T3 행동·정보,
연세치대면접준비,치의예,연세대,치의예 · 연세대,T3 행동·정보,
연세치대면접대비,치의예,연세대,치의예 · 연세대,T3 행동·정보,
연세치대면접학원,치의예,연세대,치의예 · 연세대,T3 행동·정보,
연세치대면접과외,치의예,연세대,치의예 · 연세대,T3 행동·정보,
연세치대면접후기,치의예,연세대,치의예 · 연세대,T3 행동·정보,
경희대치대면접,치의예,경희대,치의예 · 경희대,T1 핵심,
경희대치의예과면접,치의예,경희대,치의예 · 경희대,T1 핵심,
경희대치의학과면접,치의예,경희대,치의예 · 경희대,T1 핵심,
경희대치대면접기출,치의예,경희대,치의예 · 경희대,T3 행동·정보,
경희대치대면접문제,치의예,경희대,치의예 · 경희대,T3 행동·정보,
경희대치대면접일,치의예,경희대,치의예 · 경희대,T3 행동·정보,
경희대치대면접일정,치의예,경희대,치의예 · 경희대,T3 행동·정보,
경희대치대면접준비,치의예,경희대,치의예 · 경희대,T3 행동·정보,
경희대치대면접대비,치의예,경희대,치의예 · 경희대,T3 행동·정보,
경희대치대면접학원,치의예,경희대,치의예 · 경희대,T3 행동·정보,
경희대치대면접과외,치의예,경희대,치의예 · 경희대,T3 행동·정보,
경희대치대면접후기,치의예,경희대,치의예 · 경희대,T3 행동·정보,
경희치대면접,치의예,경희대,치의예 · 경희대,T1 핵심,
경희치의예과면접,치의예,경희대,치의예 · 경희대,T1 핵심,
경희치의학과면접,치의예,경희대,치의예 · 경희대,T1 핵심,
경희치대면접기출,치의예,경희대,치의예 · 경희대,T3 행동·정보,
경희치대면접문제,치의예,경희대,치의예 · 경희대,T3 행동·정보,
경희치대면접일,치의예,경희대,치의예 · 경희대,T3 행동·정보,
경희치대면접일정,치의예,경희대,치의예 · 경희대,T3 행동·정보,
경희치대면접준비,치의예,경희대,치의예 · 경희대,T3 행동·정보,
경희치대면접대비,치의예,경희대,치의예 · 경희대,T3 행동·정보,
경희치대면접학원,치의예,경희대,치의예 · 경희대,T3 행동·정보,
경희치대면접과외,치의예,경희대,치의예 · 경희대,T3 행동·정보,
경희치대면접후기,치의예,경희대,치의예 · 경희대,T3 행동·정보,
단국대치대면접,치의예,단국대,치의예 · 단국대,T1 핵심,
단국대치의예과면접,치의예,단국대,치의예 · 단국대,T1 핵심,
단국대치의학과면접,치의예,단국대,치의예 · 단국대,T1 핵심,
단국대치대면접기출,치의예,단국대,치의예 · 단국대,T3 행동·정보,
단국대치대면접문제,치의예,단국대,치의예 · 단국대,T3 행동·정보,
단국대치대면접일,치의예,단국대,치의예 · 단국대,T3 행동·정보,
단국대치대면접일정,치의예,단국대,치의예 · 단국대,T3 행동·정보,
단국대치대면접준비,치의예,단국대,치의예 · 단국대,T3 행동·정보,
단국대치대면접대비,치의예,단국대,치의예 · 단국대,T3 행동·정보,
단국대치대면접학원,치의예,단국대,치의예 · 단국대,T3 행동·정보,
단국대치대면접과외,치의예,단국대,치의예 · 단국대,T3 행동·정보,
단국대치대면접후기,치의예,단국대,치의예 · 단국대,T3 행동·정보,
단국치대면접,치의예,단국대,치의예 · 단국대,T1 핵심,
단국치의예과면접,치의예,단국대,치의예 · 단국대,T1 핵심,
단국치의학과면접,치의예,단국대,치의예 · 단국대,T1 핵심,
단국치대면접기출,치의예,단국대,치의예 · 단국대,T3 행동·정보,
단국치대면접문제,치의예,단국대,치의예 · 단국대,T3 행동·정보,
단국치대면접일,치의예,단국대,치의예 · 단국대,T3 행동·정보,
단국치대면접일정,치의예,단국대,치의예 · 단국대,T3 행동·정보,
단국치대면접준비,치의예,단국대,치의예 · 단국대,T3 행동·정보,
단국치대면접대비,치의예,단국대,치의예 · 단국대,T3 행동·정보,
단국치대면접학원,치의예,단국대,치의예 · 단국대,T3 행동·정보,
단국치대면접과외,치의예,단국대,치의예 · 단국대,T3 행동·정보,
단국치대면접후기,치의예,단국대,치의예 · 단국대,T3 행동·정보,
단국대천안치대면접,치의예,단국대,치의예 · 단국대,T1 핵심,
단국대천안치의예과면접,치의예,단국대,치의예 · 단국대,T1 핵심,
단국대천안치의학과면접,치의예,단국대,치의예 · 단국대,T1 핵심,
단국대천안치대면접기출,치의예,단국대,치의예 · 단국대,T3 행동·정보,
단국대천안치대면접문제,치의예,단국대,치의예 · 단국대,T3 행동·정보,
단국대천안치대면접일,치의예,단국대,치의예 · 단국대,T3 행동·정보,
단국대천안치대면접일정,치의예,단국대,치의예 · 단국대,T3 행동·정보,
단국대천안치대면접준비,치의예,단국대,치의예 · 단국대,T3 행동·정보,
단국대천안치대면접대비,치의예,단국대,치의예 · 단국대,T3 행동·정보,
단국대천안치대면접학원,치의예,단국대,치의예 · 단국대,T3 행동·정보,
단국대천안치대면접과외,치의예,단국대,치의예 · 단국대,T3 행동·정보,
단국대천안치대면접후기,치의예,단국대,치의예 · 단국대,T3 행동·정보,
천안단국대치대면접,치의예,단국대,치의예 · 단국대,T1 핵심,
천안단국대치의예과면접,치의예,단국대,치의예 · 단국대,T1 핵심,
천안단국대치의학과면접,치의예,단국대,치의예 · 단국대,T1 핵심,
천안단국대치대면접기출,치의예,단국대,치의예 · 단국대,T3 행동·정보,
천안단국대치대면접문제,치의예,단국대,치의예 · 단국대,T3 행동·정보,
천안단국대치대면접일,치의예,단국대,치의예 · 단국대,T3 행동·정보,
천안단국대치대면접일정,치의예,단국대,치의예 · 단국대,T3 행동·정보,
천안단국대치대면접준비,치의예,단국대,치의예 · 단국대,T3 행동·정보,
천안단국대치대면접대비,치의예,단국대,치의예 · 단국대,T3 행동·정보,
천안단국대치대면접학원,치의예,단국대,치의예 · 단국대,T3 행동·정보,
천안단국대치대면접과외,치의예,단국대,치의예 · 단국대,T3 행동·정보,
천안단국대치대면접후기,치의예,단국대,치의예 · 단국대,T3 행동·정보,
원광대치대면접,치의예,원광대,치의예 · 원광대,T1 핵심,
원광대치의예과면접,치의예,원광대,치의예 · 원광대,T1 핵심,
원광대치의학과면접,치의예,원광대,치의예 · 원광대,T1 핵심,
원광대치대면접기출,치의예,원광대,치의예 · 원광대,T3 행동·정보,
원광대치대면접문제,치의예,원광대,치의예 · 원광대,T3 행동·정보,
원광대치대면접일,치의예,원광대,치의예 · 원광대,T3 행동·정보,
원광대치대면접일정,치의예,원광대,치의예 · 원광대,T3 행동·정보,
원광대치대면접준비,치의예,원광대,치의예 · 원광대,T3 행동·정보,
원광대치대면접대비,치의예,원광대,치의예 · 원광대,T3 행동·정보,
원광대치대면접학원,치의예,원광대,치의예 · 원광대,T3 행동·정보,
원광대치대면접과외,치의예,원광대,치의예 · 원광대,T3 행동·정보,
원광대치대면접후기,치의예,원광대,치의예 · 원광대,T3 행동·정보,
원광치대면접,치의예,원광대,치의예 · 원광대,T1 핵심,
원광치의예과면접,치의예,원광대,치의예 · 원광대,T1 핵심,
원광치의학과면접,치의예,원광대,치의예 · 원광대,T1 핵심,
원광치대면접기출,치의예,원광대,치의예 · 원광대,T3 행동·정보,
원광치대면접문제,치의예,원광대,치의예 · 원광대,T3 행동·정보,
원광치대면접일,치의예,원광대,치의예 · 원광대,T3 행동·정보,
원광치대면접일정,치의예,원광대,치의예 · 원광대,T3 행동·정보,
원광치대면접준비,치의예,원광대,치의예 · 원광대,T3 행동·정보,
원광치대면접대비,치의예,원광대,치의예 · 원광대,T3 행동·정보,
원광치대면접학원,치의예,원광대,치의예 · 원광대,T3 행동·정보,
원광치대면접과외,치의예,원광대,치의예 · 원광대,T3 행동·정보,
원광치대면접후기,치의예,원광대,치의예 · 원광대,T3 행동·정보,
부산대치대면접,치의예,부산대,치의예 · 부산대,T1 핵심,
부산대치의예과면접,치의예,부산대,치의예 · 부산대,T1 핵심,
부산대치의학과면접,치의예,부산대,치의예 · 부산대,T1 핵심,
부산대치대면접기출,치의예,부산대,치의예 · 부산대,T3 행동·정보,
부산대치대면접문제,치의예,부산대,치의예 · 부산대,T3 행동·정보,
부산대치대면접일,치의예,부산대,치의예 · 부산대,T3 행동·정보,
부산대치대면접일정,치의예,부산대,치의예 · 부산대,T3 행동·정보,
부산대치대면접준비,치의예,부산대,치의예 · 부산대,T3 행동·정보,
부산대치대면접대비,치의예,부산대,치의예 · 부산대,T3 행동·정보,
부산대치대면접학원,치의예,부산대,치의예 · 부산대,T3 행동·정보,
부산대치대면접과외,치의예,부산대,치의예 · 부산대,T3 행동·정보,
부산대치대면접후기,치의예,부산대,치의예 · 부산대,T3 행동·정보,
부산치대면접,치의예,부산대,치의예 · 부산대,T1 핵심,
부산치의예과면접,치의예,부산대,치의예 · 부산대,T1 핵심,
부산치의학과면접,치의예,부산대,치의예 · 부산대,T1 핵심,
부산치대면접기출,치의예,부산대,치의예 · 부산대,T3 행동·정보,
부산치대면접문제,치의예,부산대,치의예 · 부산대,T3 행동·정보,
부산치대면접일,치의예,부산대,치의예 · 부산대,T3 행동·정보,
부산치대면접일정,치의예,부산대,치의예 · 부산대,T3 행동·정보,
부산치대면접준비,치의예,부산대,치의예 · 부산대,T3 행동·정보,
부산치대면접대비,치의예,부산대,치의예 · 부산대,T3 행동·정보,
부산치대면접학원,치의예,부산대,치의예 · 부산대,T3 행동·정보,
부산치대면접과외,치의예,부산대,치의예 · 부산대,T3 행동·정보,
부산치대면접후기,치의예,부산대,치의예 · 부산대,T3 행동·정보,
강원대치대면접,치의예,강원대,치의예 · 강원대,T1 핵심,
강원대치의예과면접,치의예,강원대,치의예 · 강원대,T1 핵심,
강원대치의학과면접,치의예,강원대,치의예 · 강원대,T1 핵심,
강원대치대면접기출,치의예,강원대,치의예 · 강원대,T3 행동·정보,
강원대치대면접문제,치의예,강원대,치의예 · 강원대,T3 행동·정보,
강원대치대면접일,치의예,강원대,치의예 · 강원대,T3 행동·정보,
강원대치대면접일정,치의예,강원대,치의예 · 강원대,T3 행동·정보,
강원대치대면접준비,치의예,강원대,치의예 · 강원대,T3 행동·정보,
강원대치대면접대비,치의예,강원대,치의예 · 강원대,T3 행동·정보,
강원대치대면접학원,치의예,강원대,치의예 · 강원대,T3 행동·정보,
강원대치대면접과외,치의예,강원대,치의예 · 강원대,T3 행동·정보,
강원대치대면접후기,치의예,강원대,치의예 · 강원대,T3 행동·정보,
강원치대면접,치의예,강원대,치의예 · 강원대,T1 핵심,
강원치의예과면접,치의예,강원대,치의예 · 강원대,T1 핵심,
강원치의학과면접,치의예,강원대,치의예 · 강원대,T1 핵심,
강원치대면접기출,치의예,강원대,치의예 · 강원대,T3 행동·정보,
강원치대면접문제,치의예,강원대,치의예 · 강원대,T3 행동·정보,
강원치대면접일,치의예,강원대,치의예 · 강원대,T3 행동·정보,
강원치대면접일정,치의예,강원대,치의예 · 강원대,T3 행동·정보,
강원치대면접준비,치의예,강원대,치의예 · 강원대,T3 행동·정보,
강원치대면접대비,치의예,강원대,치의예 · 강원대,T3 행동·정보,
강원치대면접학원,치의예,강원대,치의예 · 강원대,T3 행동·정보,
강원치대면접과외,치의예,강원대,치의예 · 강원대,T3 행동·정보,
강원치대면접후기,치의예,강원대,치의예 · 강원대,T3 행동·정보,
전북대치대면접,치의예,전북대,치의예 · 전북대,T1 핵심,
전북대치의예과면접,치의예,전북대,치의예 · 전북대,T1 핵심,
전북대치의학과면접,치의예,전북대,치의예 · 전북대,T1 핵심,
전북대치대면접기출,치의예,전북대,치의예 · 전북대,T3 행동·정보,
전북대치대면접문제,치의예,전북대,치의예 · 전북대,T3 행동·정보,
전북대치대면접일,치의예,전북대,치의예 · 전북대,T3 행동·정보,
전북대치대면접일정,치의예,전북대,치의예 · 전북대,T3 행동·정보,
전북대치대면접준비,치의예,전북대,치의예 · 전북대,T3 행동·정보,
전북대치대면접대비,치의예,전북대,치의예 · 전북대,T3 행동·정보,
전북대치대면접학원,치의예,전북대,치의예 · 전북대,T3 행동·정보,
전북대치대면접과외,치의예,전북대,치의예 · 전북대,T3 행동·정보,
전북대치대면접후기,치의예,전북대,치의예 · 전북대,T3 행동·정보,
전북치대면접,치의예,전북대,치의예 · 전북대,T1 핵심,
전북치의예과면접,치의예,전북대,치의예 · 전북대,T1 핵심,
전북치의학과면접,치의예,전북대,치의예 · 전북대,T1 핵심,
전북치대면접기출,치의예,전북대,치의예 · 전북대,T3 행동·정보,
전북치대면접문제,치의예,전북대,치의예 · 전북대,T3 행동·정보,
전북치대면접일,치의예,전북대,치의예 · 전북대,T3 행동·정보,
전북치대면접일정,치의예,전북대,치의예 · 전북대,T3 행동·정보,
전북치대면접준비,치의예,전북대,치의예 · 전북대,T3 행동·정보,
전북치대면접대비,치의예,전북대,치의예 · 전북대,T3 행동·정보,
전북치대면접학원,치의예,전북대,치의예 · 전북대,T3 행동·정보,
전북치대면접과외,치의예,전북대,치의예 · 전북대,T3 행동·정보,
전북치대면접후기,치의예,전북대,치의예 · 전북대,T3 행동·정보,
전남대치대면접,치의예,전남대,치의예 · 전남대,T1 핵심,
전남대치의예과면접,치의예,전남대,치의예 · 전남대,T1 핵심,
전남대치의학과면접,치의예,전남대,치의예 · 전남대,T1 핵심,
전남대치대면접기출,치의예,전남대,치의예 · 전남대,T3 행동·정보,
전남대치대면접문제,치의예,전남대,치의예 · 전남대,T3 행동·정보,
전남대치대면접일,치의예,전남대,치의예 · 전남대,T3 행동·정보,
전남대치대면접일정,치의예,전남대,치의예 · 전남대,T3 행동·정보,
전남대치대면접준비,치의예,전남대,치의예 · 전남대,T3 행동·정보,
전남대치대면접대비,치의예,전남대,치의예 · 전남대,T3 행동·정보,
전남대치대면접학원,치의예,전남대,치의예 · 전남대,T3 행동·정보,
전남대치대면접과외,치의예,전남대,치의예 · 전남대,T3 행동·정보,
전남대치대면접후기,치의예,전남대,치의예 · 전남대,T3 행동·정보,
전남치대면접,치의예,전남대,치의예 · 전남대,T1 핵심,
전남치의예과면접,치의예,전남대,치의예 · 전남대,T1 핵심,
전남치의학과면접,치의예,전남대,치의예 · 전남대,T1 핵심,
전남치대면접기출,치의예,전남대,치의예 · 전남대,T3 행동·정보,
전남치대면접문제,치의예,전남대,치의예 · 전남대,T3 행동·정보,
전남치대면접일,치의예,전남대,치의예 · 전남대,T3 행동·정보,
전남치대면접일정,치의예,전남대,치의예 · 전남대,T3 행동·정보,
전남치대면접준비,치의예,전남대,치의예 · 전남대,T3 행동·정보,
전남치대면접대비,치의예,전남대,치의예 · 전남대,T3 행동·정보,
전남치대면접학원,치의예,전남대,치의예 · 전남대,T3 행동·정보,
전남치대면접과외,치의예,전남대,치의예 · 전남대,T3 행동·정보,
전남치대면접후기,치의예,전남대,치의예 · 전남대,T3 행동·정보,
경북대치대면접,치의예,경북대,치의예 · 경북대,T1 핵심,
경북대치의예과면접,치의예,경북대,치의예 · 경북대,T1 핵심,
경북대치의학과면접,치의예,경북대,치의예 · 경북대,T1 핵심,
경북대치대면접기출,치의예,경북대,치의예 · 경북대,T3 행동·정보,
경북대치대면접문제,치의예,경북대,치의예 · 경북대,T3 행동·정보,
경북대치대면접일,치의예,경북대,치의예 · 경북대,T3 행동·정보,
경북대치대면접일정,치의예,경북대,치의예 · 경북대,T3 행동·정보,
경북대치대면접준비,치의예,경북대,치의예 · 경북대,T3 행동·정보,
경북대치대면접대비,치의예,경북대,치의예 · 경북대,T3 행동·정보,
경북대치대면접학원,치의예,경북대,치의예 · 경북대,T3 행동·정보,
경북대치대면접과외,치의예,경북대,치의예 · 경북대,T3 행동·정보,
경북대치대면접후기,치의예,경북대,치의예 · 경북대,T3 행동·정보,
경북치대면접,치의예,경북대,치의예 · 경북대,T1 핵심,
경북치의예과면접,치의예,경북대,치의예 · 경북대,T1 핵심,
경북치의학과면접,치의예,경북대,치의예 · 경북대,T1 핵심,
경북치대면접기출,치의예,경북대,치의예 · 경북대,T3 행동·정보,
경북치대면접문제,치의예,경북대,치의예 · 경북대,T3 행동·정보,
경북치대면접일,치의예,경북대,치의예 · 경북대,T3 행동·정보,
경북치대면접일정,치의예,경북대,치의예 · 경북대,T3 행동·정보,
경북치대면접준비,치의예,경북대,치의예 · 경북대,T3 행동·정보,
경북치대면접대비,치의예,경북대,치의예 · 경북대,T3 행동·정보,
경북치대면접학원,치의예,경북대,치의예 · 경북대,T3 행동·정보,
경북치대면접과외,치의예,경북대,치의예 · 경북대,T3 행동·정보,
경북치대면접후기,치의예,경북대,치의예 · 경북대,T3 행동·정보,
조선대치대면접,치의예,조선대,치의예 · 조선대,T1 핵심,
조선대치의예과면접,치의예,조선대,치의예 · 조선대,T1 핵심,
조선대치의학과면접,치의예,조선대,치의예 · 조선대,T1 핵심,
조선대치대면접기출,치의예,조선대,치의예 · 조선대,T3 행동·정보,
조선대치대면접문제,치의예,조선대,치의예 · 조선대,T3 행동·정보,
조선대치대면접일,치의예,조선대,치의예 · 조선대,T3 행동·정보,
조선대치대면접일정,치의예,조선대,치의예 · 조선대,T3 행동·정보,
조선대치대면접준비,치의예,조선대,치의예 · 조선대,T3 행동·정보,
조선대치대면접대비,치의예,조선대,치의예 · 조선대,T3 행동·정보,
조선대치대면접학원,치의예,조선대,치의예 · 조선대,T3 행동·정보,
조선대치대면접과외,치의예,조선대,치의예 · 조선대,T3 행동·정보,
조선대치대면접후기,치의예,조선대,치의예 · 조선대,T3 행동·정보,
조선치대면접,치의예,조선대,치의예 · 조선대,T1 핵심,
조선치의예과면접,치의예,조선대,치의예 · 조선대,T1 핵심,
조선치의학과면접,치의예,조선대,치의예 · 조선대,T1 핵심,
조선치대면접기출,치의예,조선대,치의예 · 조선대,T3 행동·정보,
조선치대면접문제,치의예,조선대,치의예 · 조선대,T3 행동·정보,
조선치대면접일,치의예,조선대,치의예 · 조선대,T3 행동·정보,
조선치대면접일정,치의예,조선대,치의예 · 조선대,T3 행동·정보,
조선치대면접준비,치의예,조선대,치의예 · 조선대,T3 행동·정보,
조선치대면접대비,치의예,조선대,치의예 · 조선대,T3 행동·정보,
조선치대면접학원,치의예,조선대,치의예 · 조선대,T3 행동·정보,
조선치대면접과외,치의예,조선대,치의예 · 조선대,T3 행동·정보,
조선치대면접후기,치의예,조선대,치의예 · 조선대,T3 행동·정보,
한의대면접,한의예,(공통),한의예 공통,T0,
한의대면접학원,한의예,(공통),한의예 공통,T0,
한의대면접과외,한의예,(공통),한의예 공통,T0,
한의대면접준비,한의예,(공통),한의예 공통,T0,
한의대면접대비,한의예,(공통),한의예 공통,T0,
한의대면접기출,한의예,(공통),한의예 공통,T0,
한의대면접일정,한의예,(공통),한의예 공통,T0,
한의대면접후기,한의예,(공통),한의예 공통,T0,
한의대면접유형,한의예,(공통),한의예 공통,T0,
한의대수시면접,한의예,(공통),한의예 공통,T0,
한의대mmi면접,한의예,(공통),한의예 공통,T0,
한의대인적성면접,한의예,(공통),한의예 공통,T0,
한의예과면접,한의예,(공통),한의예 공통,T0,
한의예과면접학원,한의예,(공통),한의예 공통,T0,
한의예과면접과외,한의예,(공통),한의예 공통,T0,
한의예과면접준비,한의예,(공통),한의예 공통,T0,
한의예과면접대비,한의예,(공통),한의예 공통,T0,
한의예과면접기출,한의예,(공통),한의예 공통,T0,
한의예과면접일정,한의예,(공통),한의예 공통,T0,
한의예과면접후기,한의예,(공통),한의예 공통,T0,
한의예과면접유형,한의예,(공통),한의예 공통,T0,
한의예과수시면접,한의예,(공통),한의예 공통,T0,
한의예과mmi면접,한의예,(공통),한의예 공통,T0,
한의예과인적성면접,한의예,(공통),한의예 공통,T0,
한의학과면접,한의예,(공통),한의예 공통,T0,
한의학과면접학원,한의예,(공통),한의예 공통,T0,
한의학과면접과외,한의예,(공통),한의예 공통,T0,
한의학과면접준비,한의예,(공통),한의예 공통,T0,
한의학과면접대비,한의예,(공통),한의예 공통,T0,
한의학과면접기출,한의예,(공통),한의예 공통,T0,
한의학과면접일정,한의예,(공통),한의예 공통,T0,
한의학과면접후기,한의예,(공통),한의예 공통,T0,
한의학과면접유형,한의예,(공통),한의예 공통,T0,
한의학과수시면접,한의예,(공통),한의예 공통,T0,
한의학과mmi면접,한의예,(공통),한의예 공통,T0,
한의학과인적성면접,한의예,(공통),한의예 공통,T0,
경희대한의대면접,한의예,경희대,한의예 · 경희대,T1 핵심,
경희대한의예과면접,한의예,경희대,한의예 · 경희대,T1 핵심,
경희대한의학과면접,한의예,경희대,한의예 · 경희대,T1 핵심,
경희대한의대면접기출,한의예,경희대,한의예 · 경희대,T3 행동·정보,
경희대한의대면접문제,한의예,경희대,한의예 · 경희대,T3 행동·정보,
경희대한의대면접일,한의예,경희대,한의예 · 경희대,T3 행동·정보,
경희대한의대면접일정,한의예,경희대,한의예 · 경희대,T3 행동·정보,
경희대한의대면접준비,한의예,경희대,한의예 · 경희대,T3 행동·정보,
경희대한의대면접대비,한의예,경희대,한의예 · 경희대,T3 행동·정보,
경희대한의대면접학원,한의예,경희대,한의예 · 경희대,T3 행동·정보,
경희대한의대면접과외,한의예,경희대,한의예 · 경희대,T3 행동·정보,
경희대한의대면접후기,한의예,경희대,한의예 · 경희대,T3 행동·정보,
경희한의대면접,한의예,경희대,한의예 · 경희대,T1 핵심,
경희한의예과면접,한의예,경희대,한의예 · 경희대,T1 핵심,
경희한의학과면접,한의예,경희대,한의예 · 경희대,T1 핵심,
경희한의대면접기출,한의예,경희대,한의예 · 경희대,T3 행동·정보,
경희한의대면접문제,한의예,경희대,한의예 · 경희대,T3 행동·정보,
경희한의대면접일,한의예,경희대,한의예 · 경희대,T3 행동·정보,
경희한의대면접일정,한의예,경희대,한의예 · 경희대,T3 행동·정보,
경희한의대면접준비,한의예,경희대,한의예 · 경희대,T3 행동·정보,
경희한의대면접대비,한의예,경희대,한의예 · 경희대,T3 행동·정보,
경희한의대면접학원,한의예,경희대,한의예 · 경희대,T3 행동·정보,
경희한의대면접과외,한의예,경희대,한의예 · 경희대,T3 행동·정보,
경희한의대면접후기,한의예,경희대,한의예 · 경희대,T3 행동·정보,
원광대한의대면접,한의예,원광대,한의예 · 원광대,T1 핵심,
원광대한의예과면접,한의예,원광대,한의예 · 원광대,T1 핵심,
원광대한의학과면접,한의예,원광대,한의예 · 원광대,T1 핵심,
원광대한의대면접기출,한의예,원광대,한의예 · 원광대,T3 행동·정보,
원광대한의대면접문제,한의예,원광대,한의예 · 원광대,T3 행동·정보,
원광대한의대면접일,한의예,원광대,한의예 · 원광대,T3 행동·정보,
원광대한의대면접일정,한의예,원광대,한의예 · 원광대,T3 행동·정보,
원광대한의대면접준비,한의예,원광대,한의예 · 원광대,T3 행동·정보,
원광대한의대면접대비,한의예,원광대,한의예 · 원광대,T3 행동·정보,
원광대한의대면접학원,한의예,원광대,한의예 · 원광대,T3 행동·정보,
원광대한의대면접과외,한의예,원광대,한의예 · 원광대,T3 행동·정보,
원광대한의대면접후기,한의예,원광대,한의예 · 원광대,T3 행동·정보,
원광한의대면접,한의예,원광대,한의예 · 원광대,T1 핵심,
원광한의예과면접,한의예,원광대,한의예 · 원광대,T1 핵심,
원광한의학과면접,한의예,원광대,한의예 · 원광대,T1 핵심,
원광한의대면접기출,한의예,원광대,한의예 · 원광대,T3 행동·정보,
원광한의대면접문제,한의예,원광대,한의예 · 원광대,T3 행동·정보,
원광한의대면접일,한의예,원광대,한의예 · 원광대,T3 행동·정보,
원광한의대면접일정,한의예,원광대,한의예 · 원광대,T3 행동·정보,
원광한의대면접준비,한의예,원광대,한의예 · 원광대,T3 행동·정보,
원광한의대면접대비,한의예,원광대,한의예 · 원광대,T3 행동·정보,
원광한의대면접학원,한의예,원광대,한의예 · 원광대,T3 행동·정보,
원광한의대면접과외,한의예,원광대,한의예 · 원광대,T3 행동·정보,
원광한의대면접후기,한의예,원광대,한의예 · 원광대,T3 행동·정보,
대구한의대한의대면접,한의예,대구한의대,한의예 · 대구한의대,T1 핵심,
대구한의대한의예과면접,한의예,대구한의대,한의예 · 대구한의대,T1 핵심,
대구한의대한의학과면접,한의예,대구한의대,한의예 · 대구한의대,T1 핵심,
대구한의대한의대면접기출,한의예,대구한의대,한의예 · 대구한의대,T3 행동·정보,
대구한의대한의대면접문제,한의예,대구한의대,한의예 · 대구한의대,T3 행동·정보,
대구한의대한의대면접일,한의예,대구한의대,한의예 · 대구한의대,T3 행동·정보,
대구한의대한의대면접일정,한의예,대구한의대,한의예 · 대구한의대,T3 행동·정보,
대구한의대한의대면접준비,한의예,대구한의대,한의예 · 대구한의대,T3 행동·정보,
대구한의대한의대면접대비,한의예,대구한의대,한의예 · 대구한의대,T3 행동·정보,
대구한의대한의대면접학원,한의예,대구한의대,한의예 · 대구한의대,T3 행동·정보,
대구한의대한의대면접과외,한의예,대구한의대,한의예 · 대구한의대,T3 행동·정보,
대구한의대한의대면접후기,한의예,대구한의대,한의예 · 대구한의대,T3 행동·정보,
대구한의한의대면접,한의예,대구한의대,한의예 · 대구한의대,T1 핵심,
대구한의한의예과면접,한의예,대구한의대,한의예 · 대구한의대,T1 핵심,
대구한의한의학과면접,한의예,대구한의대,한의예 · 대구한의대,T1 핵심,
대구한의한의대면접기출,한의예,대구한의대,한의예 · 대구한의대,T3 행동·정보,
대구한의한의대면접문제,한의예,대구한의대,한의예 · 대구한의대,T3 행동·정보,
대구한의한의대면접일,한의예,대구한의대,한의예 · 대구한의대,T3 행동·정보,
대구한의한의대면접일정,한의예,대구한의대,한의예 · 대구한의대,T3 행동·정보,
대구한의한의대면접준비,한의예,대구한의대,한의예 · 대구한의대,T3 행동·정보,
대구한의한의대면접대비,한의예,대구한의대,한의예 · 대구한의대,T3 행동·정보,
대구한의한의대면접학원,한의예,대구한의대,한의예 · 대구한의대,T3 행동·정보,
대구한의한의대면접과외,한의예,대구한의대,한의예 · 대구한의대,T3 행동·정보,
대구한의한의대면접후기,한의예,대구한의대,한의예 · 대구한의대,T3 행동·정보,
대전대한의대면접,한의예,대전대,한의예 · 대전대,T1 핵심,
대전대한의예과면접,한의예,대전대,한의예 · 대전대,T1 핵심,
대전대한의학과면접,한의예,대전대,한의예 · 대전대,T1 핵심,
대전대한의대면접기출,한의예,대전대,한의예 · 대전대,T3 행동·정보,
대전대한의대면접문제,한의예,대전대,한의예 · 대전대,T3 행동·정보,
대전대한의대면접일,한의예,대전대,한의예 · 대전대,T3 행동·정보,
대전대한의대면접일정,한의예,대전대,한의예 · 대전대,T3 행동·정보,
대전대한의대면접준비,한의예,대전대,한의예 · 대전대,T3 행동·정보,
대전대한의대면접대비,한의예,대전대,한의예 · 대전대,T3 행동·정보,
대전대한의대면접학원,한의예,대전대,한의예 · 대전대,T3 행동·정보,
대전대한의대면접과외,한의예,대전대,한의예 · 대전대,T3 행동·정보,
대전대한의대면접후기,한의예,대전대,한의예 · 대전대,T3 행동·정보,
대전한의대면접,한의예,대전대,한의예 · 대전대,T1 핵심,지역명과 충돌
대전한의예과면접,한의예,대전대,한의예 · 대전대,T1 핵심,지역명과 충돌
대전한의학과면접,한의예,대전대,한의예 · 대전대,T1 핵심,지역명과 충돌
대전한의대면접기출,한의예,대전대,한의예 · 대전대,T3 행동·정보,지역명과 충돌
대전한의대면접문제,한의예,대전대,한의예 · 대전대,T3 행동·정보,지역명과 충돌
대전한의대면접일,한의예,대전대,한의예 · 대전대,T3 행동·정보,지역명과 충돌
대전한의대면접일정,한의예,대전대,한의예 · 대전대,T3 행동·정보,지역명과 충돌
대전한의대면접준비,한의예,대전대,한의예 · 대전대,T3 행동·정보,지역명과 충돌
대전한의대면접대비,한의예,대전대,한의예 · 대전대,T3 행동·정보,지역명과 충돌
대전한의대면접학원,한의예,대전대,한의예 · 대전대,T3 행동·정보,지역명과 충돌
대전한의대면접과외,한의예,대전대,한의예 · 대전대,T3 행동·정보,지역명과 충돌
대전한의대면접후기,한의예,대전대,한의예 · 대전대,T3 행동·정보,지역명과 충돌
동국대WISE한의대면접,한의예,동국대 WISE,한의예 · 동국대 WISE,T1 핵심,
동국대WISE한의예과면접,한의예,동국대 WISE,한의예 · 동국대 WISE,T1 핵심,
동국대WISE한의학과면접,한의예,동국대 WISE,한의예 · 동국대 WISE,T1 핵심,
동국대WISE한의대면접기출,한의예,동국대 WISE,한의예 · 동국대 WISE,T3 행동·정보,
동국대WISE한의대면접문제,한의예,동국대 WISE,한의예 · 동국대 WISE,T3 행동·정보,
동국대WISE한의대면접일,한의예,동국대 WISE,한의예 · 동국대 WISE,T3 행동·정보,
동국대WISE한의대면접일정,한의예,동국대 WISE,한의예 · 동국대 WISE,T3 행동·정보,
동국대WISE한의대면접준비,한의예,동국대 WISE,한의예 · 동국대 WISE,T3 행동·정보,
동국대WISE한의대면접대비,한의예,동국대 WISE,한의예 · 동국대 WISE,T3 행동·정보,
동국대WISE한의대면접학원,한의예,동국대 WISE,한의예 · 동국대 WISE,T3 행동·정보,
동국대WISE한의대면접과외,한의예,동국대 WISE,한의예 · 동국대 WISE,T3 행동·정보,
동국대WISE한의대면접후기,한의예,동국대 WISE,한의예 · 동국대 WISE,T3 행동·정보,
동국대와이즈한의대면접,한의예,동국대 WISE,한의예 · 동국대 WISE,T1 핵심,
동국대와이즈한의예과면접,한의예,동국대 WISE,한의예 · 동국대 WISE,T1 핵심,
동국대와이즈한의학과면접,한의예,동국대 WISE,한의예 · 동국대 WISE,T1 핵심,
동국대와이즈한의대면접기출,한의예,동국대 WISE,한의예 · 동국대 WISE,T3 행동·정보,
동국대와이즈한의대면접문제,한의예,동국대 WISE,한의예 · 동국대 WISE,T3 행동·정보,
동국대와이즈한의대면접일,한의예,동국대 WISE,한의예 · 동국대 WISE,T3 행동·정보,
동국대와이즈한의대면접일정,한의예,동국대 WISE,한의예 · 동국대 WISE,T3 행동·정보,
동국대와이즈한의대면접준비,한의예,동국대 WISE,한의예 · 동국대 WISE,T3 행동·정보,
동국대와이즈한의대면접대비,한의예,동국대 WISE,한의예 · 동국대 WISE,T3 행동·정보,
동국대와이즈한의대면접학원,한의예,동국대 WISE,한의예 · 동국대 WISE,T3 행동·정보,
동국대와이즈한의대면접과외,한의예,동국대 WISE,한의예 · 동국대 WISE,T3 행동·정보,
동국대와이즈한의대면접후기,한의예,동국대 WISE,한의예 · 동국대 WISE,T3 행동·정보,
동국대경주한의대면접,한의예,동국대 WISE,한의예 · 동국대 WISE,T1 핵심,
동국대경주한의예과면접,한의예,동국대 WISE,한의예 · 동국대 WISE,T1 핵심,
동국대경주한의학과면접,한의예,동국대 WISE,한의예 · 동국대 WISE,T1 핵심,
동국대경주한의대면접기출,한의예,동국대 WISE,한의예 · 동국대 WISE,T3 행동·정보,
동국대경주한의대면접문제,한의예,동국대 WISE,한의예 · 동국대 WISE,T3 행동·정보,
동국대경주한의대면접일,한의예,동국대 WISE,한의예 · 동국대 WISE,T3 행동·정보,
동국대경주한의대면접일정,한의예,동국대 WISE,한의예 · 동국대 WISE,T3 행동·정보,
동국대경주한의대면접준비,한의예,동국대 WISE,한의예 · 동국대 WISE,T3 행동·정보,
동국대경주한의대면접대비,한의예,동국대 WISE,한의예 · 동국대 WISE,T3 행동·정보,
동국대경주한의대면접학원,한의예,동국대 WISE,한의예 · 동국대 WISE,T3 행동·정보,
동국대경주한의대면접과외,한의예,동국대 WISE,한의예 · 동국대 WISE,T3 행동·정보,
동국대경주한의대면접후기,한의예,동국대 WISE,한의예 · 동국대 WISE,T3 행동·정보,
동국대한의대면접,한의예,동국대 WISE,한의예 · 동국대 WISE,T1 핵심,WISE 캠퍼스
동국대한의예과면접,한의예,동국대 WISE,한의예 · 동국대 WISE,T1 핵심,WISE 캠퍼스
동국대한의학과면접,한의예,동국대 WISE,한의예 · 동국대 WISE,T1 핵심,WISE 캠퍼스
동국대한의대면접기출,한의예,동국대 WISE,한의예 · 동국대 WISE,T3 행동·정보,WISE 캠퍼스
동국대한의대면접문제,한의예,동국대 WISE,한의예 · 동국대 WISE,T3 행동·정보,WISE 캠퍼스
동국대한의대면접일,한의예,동국대 WISE,한의예 · 동국대 WISE,T3 행동·정보,WISE 캠퍼스
동국대한의대면접일정,한의예,동국대 WISE,한의예 · 동국대 WISE,T3 행동·정보,WISE 캠퍼스
동국대한의대면접준비,한의예,동국대 WISE,한의예 · 동국대 WISE,T3 행동·정보,WISE 캠퍼스
동국대한의대면접대비,한의예,동국대 WISE,한의예 · 동국대 WISE,T3 행동·정보,WISE 캠퍼스
동국대한의대면접학원,한의예,동국대 WISE,한의예 · 동국대 WISE,T3 행동·정보,WISE 캠퍼스
동국대한의대면접과외,한의예,동국대 WISE,한의예 · 동국대 WISE,T3 행동·정보,WISE 캠퍼스
동국대한의대면접후기,한의예,동국대 WISE,한의예 · 동국대 WISE,T3 행동·정보,WISE 캠퍼스
우석대한의대면접,한의예,우석대,한의예 · 우석대,T1 핵심,
우석대한의예과면접,한의예,우석대,한의예 · 우석대,T1 핵심,
우석대한의학과면접,한의예,우석대,한의예 · 우석대,T1 핵심,
우석대한의대면접기출,한의예,우석대,한의예 · 우석대,T3 행동·정보,
우석대한의대면접문제,한의예,우석대,한의예 · 우석대,T3 행동·정보,
우석대한의대면접일,한의예,우석대,한의예 · 우석대,T3 행동·정보,
우석대한의대면접일정,한의예,우석대,한의예 · 우석대,T3 행동·정보,
우석대한의대면접준비,한의예,우석대,한의예 · 우석대,T3 행동·정보,
우석대한의대면접대비,한의예,우석대,한의예 · 우석대,T3 행동·정보,
우석대한의대면접학원,한의예,우석대,한의예 · 우석대,T3 행동·정보,
우석대한의대면접과외,한의예,우석대,한의예 · 우석대,T3 행동·정보,
우석대한의대면접후기,한의예,우석대,한의예 · 우석대,T3 행동·정보,
우석한의대면접,한의예,우석대,한의예 · 우석대,T1 핵심,
우석한의예과면접,한의예,우석대,한의예 · 우석대,T1 핵심,
우석한의학과면접,한의예,우석대,한의예 · 우석대,T1 핵심,
우석한의대면접기출,한의예,우석대,한의예 · 우석대,T3 행동·정보,
우석한의대면접문제,한의예,우석대,한의예 · 우석대,T3 행동·정보,
우석한의대면접일,한의예,우석대,한의예 · 우석대,T3 행동·정보,
우석한의대면접일정,한의예,우석대,한의예 · 우석대,T3 행동·정보,
우석한의대면접준비,한의예,우석대,한의예 · 우석대,T3 행동·정보,
우석한의대면접대비,한의예,우석대,한의예 · 우석대,T3 행동·정보,
우석한의대면접학원,한의예,우석대,한의예 · 우석대,T3 행동·정보,
우석한의대면접과외,한의예,우석대,한의예 · 우석대,T3 행동·정보,
우석한의대면접후기,한의예,우석대,한의예 · 우석대,T3 행동·정보,
상지대한의대면접,한의예,상지대,한의예 · 상지대,T1 핵심,
상지대한의예과면접,한의예,상지대,한의예 · 상지대,T1 핵심,
상지대한의학과면접,한의예,상지대,한의예 · 상지대,T1 핵심,
상지대한의대면접기출,한의예,상지대,한의예 · 상지대,T3 행동·정보,
상지대한의대면접문제,한의예,상지대,한의예 · 상지대,T3 행동·정보,
상지대한의대면접일,한의예,상지대,한의예 · 상지대,T3 행동·정보,
상지대한의대면접일정,한의예,상지대,한의예 · 상지대,T3 행동·정보,
상지대한의대면접준비,한의예,상지대,한의예 · 상지대,T3 행동·정보,
상지대한의대면접대비,한의예,상지대,한의예 · 상지대,T3 행동·정보,
상지대한의대면접학원,한의예,상지대,한의예 · 상지대,T3 행동·정보,
상지대한의대면접과외,한의예,상지대,한의예 · 상지대,T3 행동·정보,
상지대한의대면접후기,한의예,상지대,한의예 · 상지대,T3 행동·정보,
상지한의대면접,한의예,상지대,한의예 · 상지대,T1 핵심,
상지한의예과면접,한의예,상지대,한의예 · 상지대,T1 핵심,
상지한의학과면접,한의예,상지대,한의예 · 상지대,T1 핵심,
상지한의대면접기출,한의예,상지대,한의예 · 상지대,T3 행동·정보,
상지한의대면접문제,한의예,상지대,한의예 · 상지대,T3 행동·정보,
상지한의대면접일,한의예,상지대,한의예 · 상지대,T3 행동·정보,
상지한의대면접일정,한의예,상지대,한의예 · 상지대,T3 행동·정보,
상지한의대면접준비,한의예,상지대,한의예 · 상지대,T3 행동·정보,
상지한의대면접대비,한의예,상지대,한의예 · 상지대,T3 행동·정보,
상지한의대면접학원,한의예,상지대,한의예 · 상지대,T3 행동·정보,
상지한의대면접과외,한의예,상지대,한의예 · 상지대,T3 행동·정보,
상지한의대면접후기,한의예,상지대,한의예 · 상지대,T3 행동·정보,
세명대한의대면접,한의예,세명대,한의예 · 세명대,T1 핵심,
세명대한의예과면접,한의예,세명대,한의예 · 세명대,T1 핵심,
세명대한의학과면접,한의예,세명대,한의예 · 세명대,T1 핵심,
세명대한의대면접기출,한의예,세명대,한의예 · 세명대,T3 행동·정보,
세명대한의대면접문제,한의예,세명대,한의예 · 세명대,T3 행동·정보,
세명대한의대면접일,한의예,세명대,한의예 · 세명대,T3 행동·정보,
세명대한의대면접일정,한의예,세명대,한의예 · 세명대,T3 행동·정보,
세명대한의대면접준비,한의예,세명대,한의예 · 세명대,T3 행동·정보,
세명대한의대면접대비,한의예,세명대,한의예 · 세명대,T3 행동·정보,
세명대한의대면접학원,한의예,세명대,한의예 · 세명대,T3 행동·정보,
세명대한의대면접과외,한의예,세명대,한의예 · 세명대,T3 행동·정보,
세명대한의대면접후기,한의예,세명대,한의예 · 세명대,T3 행동·정보,
세명한의대면접,한의예,세명대,한의예 · 세명대,T1 핵심,
세명한의예과면접,한의예,세명대,한의예 · 세명대,T1 핵심,
세명한의학과면접,한의예,세명대,한의예 · 세명대,T1 핵심,
세명한의대면접기출,한의예,세명대,한의예 · 세명대,T3 행동·정보,
세명한의대면접문제,한의예,세명대,한의예 · 세명대,T3 행동·정보,
세명한의대면접일,한의예,세명대,한의예 · 세명대,T3 행동·정보,
세명한의대면접일정,한의예,세명대,한의예 · 세명대,T3 행동·정보,
세명한의대면접준비,한의예,세명대,한의예 · 세명대,T3 행동·정보,
세명한의대면접대비,한의예,세명대,한의예 · 세명대,T3 행동·정보,
세명한의대면접학원,한의예,세명대,한의예 · 세명대,T3 행동·정보,
세명한의대면접과외,한의예,세명대,한의예 · 세명대,T3 행동·정보,
세명한의대면접후기,한의예,세명대,한의예 · 세명대,T3 행동·정보,
동의대한의대면접,한의예,동의대,한의예 · 동의대,T1 핵심,
동의대한의예과면접,한의예,동의대,한의예 · 동의대,T1 핵심,
동의대한의학과면접,한의예,동의대,한의예 · 동의대,T1 핵심,
동의대한의대면접기출,한의예,동의대,한의예 · 동의대,T3 행동·정보,
동의대한의대면접문제,한의예,동의대,한의예 · 동의대,T3 행동·정보,
동의대한의대면접일,한의예,동의대,한의예 · 동의대,T3 행동·정보,
동의대한의대면접일정,한의예,동의대,한의예 · 동의대,T3 행동·정보,
동의대한의대면접준비,한의예,동의대,한의예 · 동의대,T3 행동·정보,
동의대한의대면접대비,한의예,동의대,한의예 · 동의대,T3 행동·정보,
동의대한의대면접학원,한의예,동의대,한의예 · 동의대,T3 행동·정보,
동의대한의대면접과외,한의예,동의대,한의예 · 동의대,T3 행동·정보,
동의대한의대면접후기,한의예,동의대,한의예 · 동의대,T3 행동·정보,
동의한의대면접,한의예,동의대,한의예 · 동의대,T1 핵심,
동의한의예과면접,한의예,동의대,한의예 · 동의대,T1 핵심,
동의한의학과면접,한의예,동의대,한의예 · 동의대,T1 핵심,
동의한의대면접기출,한의예,동의대,한의예 · 동의대,T3 행동·정보,
동의한의대면접문제,한의예,동의대,한의예 · 동의대,T3 행동·정보,
동의한의대면접일,한의예,동의대,한의예 · 동의대,T3 행동·정보,
동의한의대면접일정,한의예,동의대,한의예 · 동의대,T3 행동·정보,
동의한의대면접준비,한의예,동의대,한의예 · 동의대,T3 행동·정보,
동의한의대면접대비,한의예,동의대,한의예 · 동의대,T3 행동·정보,
동의한의대면접학원,한의예,동의대,한의예 · 동의대,T3 행동·정보,
동의한의대면접과외,한의예,동의대,한의예 · 동의대,T3 행동·정보,
동의한의대면접후기,한의예,동의대,한의예 · 동의대,T3 행동·정보,
동신대한의대면접,한의예,동신대,한의예 · 동신대,T1 핵심,
동신대한의예과면접,한의예,동신대,한의예 · 동신대,T1 핵심,
동신대한의학과면접,한의예,동신대,한의예 · 동신대,T1 핵심,
동신대한의대면접기출,한의예,동신대,한의예 · 동신대,T3 행동·정보,
동신대한의대면접문제,한의예,동신대,한의예 · 동신대,T3 행동·정보,
동신대한의대면접일,한의예,동신대,한의예 · 동신대,T3 행동·정보,
동신대한의대면접일정,한의예,동신대,한의예 · 동신대,T3 행동·정보,
동신대한의대면접준비,한의예,동신대,한의예 · 동신대,T3 행동·정보,
동신대한의대면접대비,한의예,동신대,한의예 · 동신대,T3 행동·정보,
동신대한의대면접학원,한의예,동신대,한의예 · 동신대,T3 행동·정보,
동신대한의대면접과외,한의예,동신대,한의예 · 동신대,T3 행동·정보,
동신대한의대면접후기,한의예,동신대,한의예 · 동신대,T3 행동·정보,
동신한의대면접,한의예,동신대,한의예 · 동신대,T1 핵심,
동신한의예과면접,한의예,동신대,한의예 · 동신대,T1 핵심,
동신한의학과면접,한의예,동신대,한의예 · 동신대,T1 핵심,
동신한의대면접기출,한의예,동신대,한의예 · 동신대,T3 행동·정보,
동신한의대면접문제,한의예,동신대,한의예 · 동신대,T3 행동·정보,
동신한의대면접일,한의예,동신대,한의예 · 동신대,T3 행동·정보,
동신한의대면접일정,한의예,동신대,한의예 · 동신대,T3 행동·정보,
동신한의대면접준비,한의예,동신대,한의예 · 동신대,T3 행동·정보,
동신한의대면접대비,한의예,동신대,한의예 · 동신대,T3 행동·정보,
동신한의대면접학원,한의예,동신대,한의예 · 동신대,T3 행동·정보,
동신한의대면접과외,한의예,동신대,한의예 · 동신대,T3 행동·정보,
동신한의대면접후기,한의예,동신대,한의예 · 동신대,T3 행동·정보,
부산대한의대면접,한의예,부산대,한의예 · 부산대,T1 핵심,
부산대한의예과면접,한의예,부산대,한의예 · 부산대,T1 핵심,
부산대한의학과면접,한의예,부산대,한의예 · 부산대,T1 핵심,
부산대한의대면접기출,한의예,부산대,한의예 · 부산대,T3 행동·정보,
부산대한의대면접문제,한의예,부산대,한의예 · 부산대,T3 행동·정보,
부산대한의대면접일,한의예,부산대,한의예 · 부산대,T3 행동·정보,
부산대한의대면접일정,한의예,부산대,한의예 · 부산대,T3 행동·정보,
부산대한의대면접준비,한의예,부산대,한의예 · 부산대,T3 행동·정보,
부산대한의대면접대비,한의예,부산대,한의예 · 부산대,T3 행동·정보,
부산대한의대면접학원,한의예,부산대,한의예 · 부산대,T3 행동·정보,
부산대한의대면접과외,한의예,부산대,한의예 · 부산대,T3 행동·정보,
부산대한의대면접후기,한의예,부산대,한의예 · 부산대,T3 행동·정보,
부산한의대면접,한의예,부산대,한의예 · 부산대,T1 핵심,
부산한의예과면접,한의예,부산대,한의예 · 부산대,T1 핵심,
부산한의학과면접,한의예,부산대,한의예 · 부산대,T1 핵심,
부산한의대면접기출,한의예,부산대,한의예 · 부산대,T3 행동·정보,
부산한의대면접문제,한의예,부산대,한의예 · 부산대,T3 행동·정보,
부산한의대면접일,한의예,부산대,한의예 · 부산대,T3 행동·정보,
부산한의대면접일정,한의예,부산대,한의예 · 부산대,T3 행동·정보,
부산한의대면접준비,한의예,부산대,한의예 · 부산대,T3 행동·정보,
부산한의대면접대비,한의예,부산대,한의예 · 부산대,T3 행동·정보,
부산한의대면접학원,한의예,부산대,한의예 · 부산대,T3 행동·정보,
부산한의대면접과외,한의예,부산대,한의예 · 부산대,T3 행동·정보,
부산한의대면접후기,한의예,부산대,한의예 · 부산대,T3 행동·정보,
가천대한의대면접,한의예,가천대,한의예 · 가천대,T1 핵심,
가천대한의예과면접,한의예,가천대,한의예 · 가천대,T1 핵심,
가천대한의학과면접,한의예,가천대,한의예 · 가천대,T1 핵심,
가천대한의대면접기출,한의예,가천대,한의예 · 가천대,T3 행동·정보,
가천대한의대면접문제,한의예,가천대,한의예 · 가천대,T3 행동·정보,
가천대한의대면접일,한의예,가천대,한의예 · 가천대,T3 행동·정보,
가천대한의대면접일정,한의예,가천대,한의예 · 가천대,T3 행동·정보,
가천대한의대면접준비,한의예,가천대,한의예 · 가천대,T3 행동·정보,
가천대한의대면접대비,한의예,가천대,한의예 · 가천대,T3 행동·정보,
가천대한의대면접학원,한의예,가천대,한의예 · 가천대,T3 행동·정보,
가천대한의대면접과외,한의예,가천대,한의예 · 가천대,T3 행동·정보,
가천대한의대면접후기,한의예,가천대,한의예 · 가천대,T3 행동·정보,
가천한의대면접,한의예,가천대,한의예 · 가천대,T1 핵심,
가천한의예과면접,한의예,가천대,한의예 · 가천대,T1 핵심,
가천한의학과면접,한의예,가천대,한의예 · 가천대,T1 핵심,
가천한의대면접기출,한의예,가천대,한의예 · 가천대,T3 행동·정보,
가천한의대면접문제,한의예,가천대,한의예 · 가천대,T3 행동·정보,
가천한의대면접일,한의예,가천대,한의예 · 가천대,T3 행동·정보,
가천한의대면접일정,한의예,가천대,한의예 · 가천대,T3 행동·정보,
가천한의대면접준비,한의예,가천대,한의예 · 가천대,T3 행동·정보,
가천한의대면접대비,한의예,가천대,한의예 · 가천대,T3 행동·정보,
가천한의대면접학원,한의예,가천대,한의예 · 가천대,T3 행동·정보,
가천한의대면접과외,한의예,가천대,한의예 · 가천대,T3 행동·정보,
가천한의대면접후기,한의예,가천대,한의예 · 가천대,T3 행동·정보,
약대면접,약학,(공통),약학 공통,T0,
약대면접학원,약학,(공통),약학 공통,T0,
약대면접과외,약학,(공통),약학 공통,T0,
약대면접준비,약학,(공통),약학 공통,T0,
약대면접대비,약학,(공통),약학 공통,T0,
약대면접기출,약학,(공통),약학 공통,T0,
약대면접일정,약학,(공통),약학 공통,T0,
약대면접후기,약학,(공통),약학 공통,T0,
약대면접유형,약학,(공통),약학 공통,T0,
약대수시면접,약학,(공통),약학 공통,T0,
약대mmi면접,약학,(공통),약학 공통,T0,
약대인적성면접,약학,(공통),약학 공통,T0,
약학과면접,약학,(공통),약학 공통,T0,
약학과면접학원,약학,(공통),약학 공통,T0,
약학과면접과외,약학,(공통),약학 공통,T0,
약학과면접준비,약학,(공통),약학 공통,T0,
약학과면접대비,약학,(공통),약학 공통,T0,
약학과면접기출,약학,(공통),약학 공통,T0,
약학과면접일정,약학,(공통),약학 공통,T0,
약학과면접후기,약학,(공통),약학 공통,T0,
약학과면접유형,약학,(공통),약학 공통,T0,
약학과수시면접,약학,(공통),약학 공통,T0,
약학과mmi면접,약학,(공통),약학 공통,T0,
약학과인적성면접,약학,(공통),약학 공통,T0,
서울대약대면접,약학,서울대,약학 · 서울대,T1 핵심,
서울대약학과면접,약학,서울대,약학 · 서울대,T1 핵심,
서울대약대면접기출,약학,서울대,약학 · 서울대,T3 행동·정보,
서울대약대면접문제,약학,서울대,약학 · 서울대,T3 행동·정보,
서울대약대면접일,약학,서울대,약학 · 서울대,T3 행동·정보,
서울대약대면접일정,약학,서울대,약학 · 서울대,T3 행동·정보,
서울대약대면접준비,약학,서울대,약학 · 서울대,T3 행동·정보,
서울대약대면접대비,약학,서울대,약학 · 서울대,T3 행동·정보,
서울대약대면접학원,약학,서울대,약학 · 서울대,T3 행동·정보,
서울대약대면접과외,약학,서울대,약학 · 서울대,T3 행동·정보,
서울대약대면접후기,약학,서울대,약학 · 서울대,T3 행동·정보,
서울약대면접,약학,서울대,약학 · 서울대,T1 핵심,
서울약학과면접,약학,서울대,약학 · 서울대,T1 핵심,
서울약대면접기출,약학,서울대,약학 · 서울대,T3 행동·정보,
서울약대면접문제,약학,서울대,약학 · 서울대,T3 행동·정보,
서울약대면접일,약학,서울대,약학 · 서울대,T3 행동·정보,
서울약대면접일정,약학,서울대,약학 · 서울대,T3 행동·정보,
서울약대면접준비,약학,서울대,약학 · 서울대,T3 행동·정보,
서울약대면접대비,약학,서울대,약학 · 서울대,T3 행동·정보,
서울약대면접학원,약학,서울대,약학 · 서울대,T3 행동·정보,
서울약대면접과외,약학,서울대,약학 · 서울대,T3 행동·정보,
서울약대면접후기,약학,서울대,약학 · 서울대,T3 행동·정보,
연세대약대면접,약학,연세대,약학 · 연세대,T1 핵심,
연세대약학과면접,약학,연세대,약학 · 연세대,T1 핵심,
연세대약대면접기출,약학,연세대,약학 · 연세대,T3 행동·정보,
연세대약대면접문제,약학,연세대,약학 · 연세대,T3 행동·정보,
연세대약대면접일,약학,연세대,약학 · 연세대,T3 행동·정보,
연세대약대면접일정,약학,연세대,약학 · 연세대,T3 행동·정보,
연세대약대면접준비,약학,연세대,약학 · 연세대,T3 행동·정보,
연세대약대면접대비,약학,연세대,약학 · 연세대,T3 행동·정보,
연세대약대면접학원,약학,연세대,약학 · 연세대,T3 행동·정보,
연세대약대면접과외,약학,연세대,약학 · 연세대,T3 행동·정보,
연세대약대면접후기,약학,연세대,약학 · 연세대,T3 행동·정보,
연대약대면접,약학,연세대,약학 · 연세대,T1 핵심,
연대약학과면접,약학,연세대,약학 · 연세대,T1 핵심,
연대약대면접기출,약학,연세대,약학 · 연세대,T3 행동·정보,
연대약대면접문제,약학,연세대,약학 · 연세대,T3 행동·정보,
연대약대면접일,약학,연세대,약학 · 연세대,T3 행동·정보,
연대약대면접일정,약학,연세대,약학 · 연세대,T3 행동·정보,
연대약대면접준비,약학,연세대,약학 · 연세대,T3 행동·정보,
연대약대면접대비,약학,연세대,약학 · 연세대,T3 행동·정보,
연대약대면접학원,약학,연세대,약학 · 연세대,T3 행동·정보,
연대약대면접과외,약학,연세대,약학 · 연세대,T3 행동·정보,
연대약대면접후기,약학,연세대,약학 · 연세대,T3 행동·정보,
연세약대면접,약학,연세대,약학 · 연세대,T1 핵심,
연세약학과면접,약학,연세대,약학 · 연세대,T1 핵심,
연세약대면접기출,약학,연세대,약학 · 연세대,T3 행동·정보,
연세약대면접문제,약학,연세대,약학 · 연세대,T3 행동·정보,
연세약대면접일,약학,연세대,약학 · 연세대,T3 행동·정보,
연세약대면접일정,약학,연세대,약학 · 연세대,T3 행동·정보,
연세약대면접준비,약학,연세대,약학 · 연세대,T3 행동·정보,
연세약대면접대비,약학,연세대,약학 · 연세대,T3 행동·정보,
연세약대면접학원,약학,연세대,약학 · 연세대,T3 행동·정보,
연세약대면접과외,약학,연세대,약학 · 연세대,T3 행동·정보,
연세약대면접후기,약학,연세대,약학 · 연세대,T3 행동·정보,
성균관대약대면접,약학,성균관대,약학 · 성균관대,T1 핵심,
성균관대약학과면접,약학,성균관대,약학 · 성균관대,T1 핵심,
성균관대약대면접기출,약학,성균관대,약학 · 성균관대,T3 행동·정보,
성균관대약대면접문제,약학,성균관대,약학 · 성균관대,T3 행동·정보,
성균관대약대면접일,약학,성균관대,약학 · 성균관대,T3 행동·정보,
성균관대약대면접일정,약학,성균관대,약학 · 성균관대,T3 행동·정보,
성균관대약대면접준비,약학,성균관대,약학 · 성균관대,T3 행동·정보,
성균관대약대면접대비,약학,성균관대,약학 · 성균관대,T3 행동·정보,
성균관대약대면접학원,약학,성균관대,약학 · 성균관대,T3 행동·정보,
성균관대약대면접과외,약학,성균관대,약학 · 성균관대,T3 행동·정보,
성균관대약대면접후기,약학,성균관대,약학 · 성균관대,T3 행동·정보,
성대약대면접,약학,성균관대,약학 · 성균관대,T1 핵심,혼동 가능
성대약학과면접,약학,성균관대,약학 · 성균관대,T1 핵심,혼동 가능
성대약대면접기출,약학,성균관대,약학 · 성균관대,T3 행동·정보,혼동 가능
성대약대면접문제,약학,성균관대,약학 · 성균관대,T3 행동·정보,혼동 가능
성대약대면접일,약학,성균관대,약학 · 성균관대,T3 행동·정보,혼동 가능
성대약대면접일정,약학,성균관대,약학 · 성균관대,T3 행동·정보,혼동 가능
성대약대면접준비,약학,성균관대,약학 · 성균관대,T3 행동·정보,혼동 가능
성대약대면접대비,약학,성균관대,약학 · 성균관대,T3 행동·정보,혼동 가능
성대약대면접학원,약학,성균관대,약학 · 성균관대,T3 행동·정보,혼동 가능
성대약대면접과외,약학,성균관대,약학 · 성균관대,T3 행동·정보,혼동 가능
성대약대면접후기,약학,성균관대,약학 · 성균관대,T3 행동·정보,혼동 가능
성균관약대면접,약학,성균관대,약학 · 성균관대,T1 핵심,
성균관약학과면접,약학,성균관대,약학 · 성균관대,T1 핵심,
성균관약대면접기출,약학,성균관대,약학 · 성균관대,T3 행동·정보,
성균관약대면접문제,약학,성균관대,약학 · 성균관대,T3 행동·정보,
성균관약대면접일,약학,성균관대,약학 · 성균관대,T3 행동·정보,
성균관약대면접일정,약학,성균관대,약학 · 성균관대,T3 행동·정보,
성균관약대면접준비,약학,성균관대,약학 · 성균관대,T3 행동·정보,
성균관약대면접대비,약학,성균관대,약학 · 성균관대,T3 행동·정보,
성균관약대면접학원,약학,성균관대,약학 · 성균관대,T3 행동·정보,
성균관약대면접과외,약학,성균관대,약학 · 성균관대,T3 행동·정보,
성균관약대면접후기,약학,성균관대,약학 · 성균관대,T3 행동·정보,
중앙대약대면접,약학,중앙대,약학 · 중앙대,T1 핵심,
중앙대약학과면접,약학,중앙대,약학 · 중앙대,T1 핵심,
중앙대약대면접기출,약학,중앙대,약학 · 중앙대,T3 행동·정보,
중앙대약대면접문제,약학,중앙대,약학 · 중앙대,T3 행동·정보,
중앙대약대면접일,약학,중앙대,약학 · 중앙대,T3 행동·정보,
중앙대약대면접일정,약학,중앙대,약학 · 중앙대,T3 행동·정보,
중앙대약대면접준비,약학,중앙대,약학 · 중앙대,T3 행동·정보,
중앙대약대면접대비,약학,중앙대,약학 · 중앙대,T3 행동·정보,
중앙대약대면접학원,약학,중앙대,약학 · 중앙대,T3 행동·정보,
중앙대약대면접과외,약학,중앙대,약학 · 중앙대,T3 행동·정보,
중앙대약대면접후기,약학,중앙대,약학 · 중앙대,T3 행동·정보,
중대약대면접,약학,중앙대,약학 · 중앙대,T1 핵심,일반명사 충돌
중대약학과면접,약학,중앙대,약학 · 중앙대,T1 핵심,일반명사 충돌
중대약대면접기출,약학,중앙대,약학 · 중앙대,T3 행동·정보,일반명사 충돌
중대약대면접문제,약학,중앙대,약학 · 중앙대,T3 행동·정보,일반명사 충돌
중대약대면접일,약학,중앙대,약학 · 중앙대,T3 행동·정보,일반명사 충돌
중대약대면접일정,약학,중앙대,약학 · 중앙대,T3 행동·정보,일반명사 충돌
중대약대면접준비,약학,중앙대,약학 · 중앙대,T3 행동·정보,일반명사 충돌
중대약대면접대비,약학,중앙대,약학 · 중앙대,T3 행동·정보,일반명사 충돌
중대약대면접학원,약학,중앙대,약학 · 중앙대,T3 행동·정보,일반명사 충돌
중대약대면접과외,약학,중앙대,약학 · 중앙대,T3 행동·정보,일반명사 충돌
중대약대면접후기,약학,중앙대,약학 · 중앙대,T3 행동·정보,일반명사 충돌
중앙약대면접,약학,중앙대,약학 · 중앙대,T1 핵심,
중앙약학과면접,약학,중앙대,약학 · 중앙대,T1 핵심,
중앙약대면접기출,약학,중앙대,약학 · 중앙대,T3 행동·정보,
중앙약대면접문제,약학,중앙대,약학 · 중앙대,T3 행동·정보,
중앙약대면접일,약학,중앙대,약학 · 중앙대,T3 행동·정보,
중앙약대면접일정,약학,중앙대,약학 · 중앙대,T3 행동·정보,
중앙약대면접준비,약학,중앙대,약학 · 중앙대,T3 행동·정보,
중앙약대면접대비,약학,중앙대,약학 · 중앙대,T3 행동·정보,
중앙약대면접학원,약학,중앙대,약학 · 중앙대,T3 행동·정보,
중앙약대면접과외,약학,중앙대,약학 · 중앙대,T3 행동·정보,
중앙약대면접후기,약학,중앙대,약학 · 중앙대,T3 행동·정보,
이화여대약대면접,약학,이화여대,약학 · 이화여대,T1 핵심,
이화여대약학과면접,약학,이화여대,약학 · 이화여대,T1 핵심,
이화여대약대면접기출,약학,이화여대,약학 · 이화여대,T3 행동·정보,
이화여대약대면접문제,약학,이화여대,약학 · 이화여대,T3 행동·정보,
이화여대약대면접일,약학,이화여대,약학 · 이화여대,T3 행동·정보,
이화여대약대면접일정,약학,이화여대,약학 · 이화여대,T3 행동·정보,
이화여대약대면접준비,약학,이화여대,약학 · 이화여대,T3 행동·정보,
이화여대약대면접대비,약학,이화여대,약학 · 이화여대,T3 행동·정보,
이화여대약대면접학원,약학,이화여대,약학 · 이화여대,T3 행동·정보,
이화여대약대면접과외,약학,이화여대,약학 · 이화여대,T3 행동·정보,
이화여대약대면접후기,약학,이화여대,약학 · 이화여대,T3 행동·정보,
이대약대면접,약학,이화여대,약학 · 이화여대,T1 핵심,
이대약학과면접,약학,이화여대,약학 · 이화여대,T1 핵심,
이대약대면접기출,약학,이화여대,약학 · 이화여대,T3 행동·정보,
이대약대면접문제,약학,이화여대,약학 · 이화여대,T3 행동·정보,
이대약대면접일,약학,이화여대,약학 · 이화여대,T3 행동·정보,
이대약대면접일정,약학,이화여대,약학 · 이화여대,T3 행동·정보,
이대약대면접준비,약학,이화여대,약학 · 이화여대,T3 행동·정보,
이대약대면접대비,약학,이화여대,약학 · 이화여대,T3 행동·정보,
이대약대면접학원,약학,이화여대,약학 · 이화여대,T3 행동·정보,
이대약대면접과외,약학,이화여대,약학 · 이화여대,T3 행동·정보,
이대약대면접후기,약학,이화여대,약학 · 이화여대,T3 행동·정보,
이화약대면접,약학,이화여대,약학 · 이화여대,T1 핵심,
이화약학과면접,약학,이화여대,약학 · 이화여대,T1 핵심,
이화약대면접기출,약학,이화여대,약학 · 이화여대,T3 행동·정보,
이화약대면접문제,약학,이화여대,약학 · 이화여대,T3 행동·정보,
이화약대면접일,약학,이화여대,약학 · 이화여대,T3 행동·정보,
이화약대면접일정,약학,이화여대,약학 · 이화여대,T3 행동·정보,
이화약대면접준비,약학,이화여대,약학 · 이화여대,T3 행동·정보,
이화약대면접대비,약학,이화여대,약학 · 이화여대,T3 행동·정보,
이화약대면접학원,약학,이화여대,약학 · 이화여대,T3 행동·정보,
이화약대면접과외,약학,이화여대,약학 · 이화여대,T3 행동·정보,
이화약대면접후기,약학,이화여대,약학 · 이화여대,T3 행동·정보,
경희대약대면접,약학,경희대,약학 · 경희대,T1 핵심,
경희대약학과면접,약학,경희대,약학 · 경희대,T1 핵심,
경희대약대면접기출,약학,경희대,약학 · 경희대,T3 행동·정보,
경희대약대면접문제,약학,경희대,약학 · 경희대,T3 행동·정보,
경희대약대면접일,약학,경희대,약학 · 경희대,T3 행동·정보,
경희대약대면접일정,약학,경희대,약학 · 경희대,T3 행동·정보,
경희대약대면접준비,약학,경희대,약학 · 경희대,T3 행동·정보,
경희대약대면접대비,약학,경희대,약학 · 경희대,T3 행동·정보,
경희대약대면접학원,약학,경희대,약학 · 경희대,T3 행동·정보,
경희대약대면접과외,약학,경희대,약학 · 경희대,T3 행동·정보,
경희대약대면접후기,약학,경희대,약학 · 경희대,T3 행동·정보,
경희약대면접,약학,경희대,약학 · 경희대,T1 핵심,
경희약학과면접,약학,경희대,약학 · 경희대,T1 핵심,
경희약대면접기출,약학,경희대,약학 · 경희대,T3 행동·정보,
경희약대면접문제,약학,경희대,약학 · 경희대,T3 행동·정보,
경희약대면접일,약학,경희대,약학 · 경희대,T3 행동·정보,
경희약대면접일정,약학,경희대,약학 · 경희대,T3 행동·정보,
경희약대면접준비,약학,경희대,약학 · 경희대,T3 행동·정보,
경희약대면접대비,약학,경희대,약학 · 경희대,T3 행동·정보,
경희약대면접학원,약학,경희대,약학 · 경희대,T3 행동·정보,
경희약대면접과외,약학,경희대,약학 · 경희대,T3 행동·정보,
경희약대면접후기,약학,경희대,약학 · 경희대,T3 행동·정보,
가톨릭대약대면접,약학,가톨릭대,약학 · 가톨릭대,T1 핵심,
가톨릭대약학과면접,약학,가톨릭대,약학 · 가톨릭대,T1 핵심,
가톨릭대약대면접기출,약학,가톨릭대,약학 · 가톨릭대,T3 행동·정보,
가톨릭대약대면접문제,약학,가톨릭대,약학 · 가톨릭대,T3 행동·정보,
가톨릭대약대면접일,약학,가톨릭대,약학 · 가톨릭대,T3 행동·정보,
가톨릭대약대면접일정,약학,가톨릭대,약학 · 가톨릭대,T3 행동·정보,
가톨릭대약대면접준비,약학,가톨릭대,약학 · 가톨릭대,T3 행동·정보,
가톨릭대약대면접대비,약학,가톨릭대,약학 · 가톨릭대,T3 행동·정보,
가톨릭대약대면접학원,약학,가톨릭대,약학 · 가톨릭대,T3 행동·정보,
가톨릭대약대면접과외,약학,가톨릭대,약학 · 가톨릭대,T3 행동·정보,
가톨릭대약대면접후기,약학,가톨릭대,약학 · 가톨릭대,T3 행동·정보,
카톨릭대약대면접,약학,가톨릭대,약학 · 가톨릭대,T1 핵심,
카톨릭대약학과면접,약학,가톨릭대,약학 · 가톨릭대,T1 핵심,
카톨릭대약대면접기출,약학,가톨릭대,약학 · 가톨릭대,T3 행동·정보,
카톨릭대약대면접문제,약학,가톨릭대,약학 · 가톨릭대,T3 행동·정보,
카톨릭대약대면접일,약학,가톨릭대,약학 · 가톨릭대,T3 행동·정보,
카톨릭대약대면접일정,약학,가톨릭대,약학 · 가톨릭대,T3 행동·정보,
카톨릭대약대면접준비,약학,가톨릭대,약학 · 가톨릭대,T3 행동·정보,
카톨릭대약대면접대비,약학,가톨릭대,약학 · 가톨릭대,T3 행동·정보,
카톨릭대약대면접학원,약학,가톨릭대,약학 · 가톨릭대,T3 행동·정보,
카톨릭대약대면접과외,약학,가톨릭대,약학 · 가톨릭대,T3 행동·정보,
카톨릭대약대면접후기,약학,가톨릭대,약학 · 가톨릭대,T3 행동·정보,
가톨릭약대면접,약학,가톨릭대,약학 · 가톨릭대,T1 핵심,
가톨릭약학과면접,약학,가톨릭대,약학 · 가톨릭대,T1 핵심,
가톨릭약대면접기출,약학,가톨릭대,약학 · 가톨릭대,T3 행동·정보,
가톨릭약대면접문제,약학,가톨릭대,약학 · 가톨릭대,T3 행동·정보,
가톨릭약대면접일,약학,가톨릭대,약학 · 가톨릭대,T3 행동·정보,
가톨릭약대면접일정,약학,가톨릭대,약학 · 가톨릭대,T3 행동·정보,
가톨릭약대면접준비,약학,가톨릭대,약학 · 가톨릭대,T3 행동·정보,
가톨릭약대면접대비,약학,가톨릭대,약학 · 가톨릭대,T3 행동·정보,
가톨릭약대면접학원,약학,가톨릭대,약학 · 가톨릭대,T3 행동·정보,
가톨릭약대면접과외,약학,가톨릭대,약학 · 가톨릭대,T3 행동·정보,
가톨릭약대면접후기,약학,가톨릭대,약학 · 가톨릭대,T3 행동·정보,
아주대약대면접,약학,아주대,약학 · 아주대,T1 핵심,
아주대약학과면접,약학,아주대,약학 · 아주대,T1 핵심,
아주대약대면접기출,약학,아주대,약학 · 아주대,T3 행동·정보,
아주대약대면접문제,약학,아주대,약학 · 아주대,T3 행동·정보,
아주대약대면접일,약학,아주대,약학 · 아주대,T3 행동·정보,
아주대약대면접일정,약학,아주대,약학 · 아주대,T3 행동·정보,
아주대약대면접준비,약학,아주대,약학 · 아주대,T3 행동·정보,
아주대약대면접대비,약학,아주대,약학 · 아주대,T3 행동·정보,
아주대약대면접학원,약학,아주대,약학 · 아주대,T3 행동·정보,
아주대약대면접과외,약학,아주대,약학 · 아주대,T3 행동·정보,
아주대약대면접후기,약학,아주대,약학 · 아주대,T3 행동·정보,
아주약대면접,약학,아주대,약학 · 아주대,T1 핵심,
아주약학과면접,약학,아주대,약학 · 아주대,T1 핵심,
아주약대면접기출,약학,아주대,약학 · 아주대,T3 행동·정보,
아주약대면접문제,약학,아주대,약학 · 아주대,T3 행동·정보,
아주약대면접일,약학,아주대,약학 · 아주대,T3 행동·정보,
아주약대면접일정,약학,아주대,약학 · 아주대,T3 행동·정보,
아주약대면접준비,약학,아주대,약학 · 아주대,T3 행동·정보,
아주약대면접대비,약학,아주대,약학 · 아주대,T3 행동·정보,
아주약대면접학원,약학,아주대,약학 · 아주대,T3 행동·정보,
아주약대면접과외,약학,아주대,약학 · 아주대,T3 행동·정보,
아주약대면접후기,약학,아주대,약학 · 아주대,T3 행동·정보,
가천대약대면접,약학,가천대,약학 · 가천대,T1 핵심,
가천대약학과면접,약학,가천대,약학 · 가천대,T1 핵심,
가천대약대면접기출,약학,가천대,약학 · 가천대,T3 행동·정보,
가천대약대면접문제,약학,가천대,약학 · 가천대,T3 행동·정보,
가천대약대면접일,약학,가천대,약학 · 가천대,T3 행동·정보,
가천대약대면접일정,약학,가천대,약학 · 가천대,T3 행동·정보,
가천대약대면접준비,약학,가천대,약학 · 가천대,T3 행동·정보,
가천대약대면접대비,약학,가천대,약학 · 가천대,T3 행동·정보,
가천대약대면접학원,약학,가천대,약학 · 가천대,T3 행동·정보,
가천대약대면접과외,약학,가천대,약학 · 가천대,T3 행동·정보,
가천대약대면접후기,약학,가천대,약학 · 가천대,T3 행동·정보,
가천약대면접,약학,가천대,약학 · 가천대,T1 핵심,
가천약학과면접,약학,가천대,약학 · 가천대,T1 핵심,
가천약대면접기출,약학,가천대,약학 · 가천대,T3 행동·정보,
가천약대면접문제,약학,가천대,약학 · 가천대,T3 행동·정보,
가천약대면접일,약학,가천대,약학 · 가천대,T3 행동·정보,
가천약대면접일정,약학,가천대,약학 · 가천대,T3 행동·정보,
가천약대면접준비,약학,가천대,약학 · 가천대,T3 행동·정보,
가천약대면접대비,약학,가천대,약학 · 가천대,T3 행동·정보,
가천약대면접학원,약학,가천대,약학 · 가천대,T3 행동·정보,
가천약대면접과외,약학,가천대,약학 · 가천대,T3 행동·정보,
가천약대면접후기,약학,가천대,약학 · 가천대,T3 행동·정보,
동국대약대면접,약학,동국대,약학 · 동국대,T1 핵심,
동국대약학과면접,약학,동국대,약학 · 동국대,T1 핵심,
동국대약대면접기출,약학,동국대,약학 · 동국대,T3 행동·정보,
동국대약대면접문제,약학,동국대,약학 · 동국대,T3 행동·정보,
동국대약대면접일,약학,동국대,약학 · 동국대,T3 행동·정보,
동국대약대면접일정,약학,동국대,약학 · 동국대,T3 행동·정보,
동국대약대면접준비,약학,동국대,약학 · 동국대,T3 행동·정보,
동국대약대면접대비,약학,동국대,약학 · 동국대,T3 행동·정보,
동국대약대면접학원,약학,동국대,약학 · 동국대,T3 행동·정보,
동국대약대면접과외,약학,동국대,약학 · 동국대,T3 행동·정보,
동국대약대면접후기,약학,동국대,약학 · 동국대,T3 행동·정보,
동국약대면접,약학,동국대,약학 · 동국대,T1 핵심,
동국약학과면접,약학,동국대,약학 · 동국대,T1 핵심,
동국약대면접기출,약학,동국대,약학 · 동국대,T3 행동·정보,
동국약대면접문제,약학,동국대,약학 · 동국대,T3 행동·정보,
동국약대면접일,약학,동국대,약학 · 동국대,T3 행동·정보,
동국약대면접일정,약학,동국대,약학 · 동국대,T3 행동·정보,
동국약대면접준비,약학,동국대,약학 · 동국대,T3 행동·정보,
동국약대면접대비,약학,동국대,약학 · 동국대,T3 행동·정보,
동국약대면접학원,약학,동국대,약학 · 동국대,T3 행동·정보,
동국약대면접과외,약학,동국대,약학 · 동국대,T3 행동·정보,
동국약대면접후기,약학,동국대,약학 · 동국대,T3 행동·정보,
덕성여대약대면접,약학,덕성여대,약학 · 덕성여대,T1 핵심,
덕성여대약학과면접,약학,덕성여대,약학 · 덕성여대,T1 핵심,
덕성여대약대면접기출,약학,덕성여대,약학 · 덕성여대,T3 행동·정보,
덕성여대약대면접문제,약학,덕성여대,약학 · 덕성여대,T3 행동·정보,
덕성여대약대면접일,약학,덕성여대,약학 · 덕성여대,T3 행동·정보,
덕성여대약대면접일정,약학,덕성여대,약학 · 덕성여대,T3 행동·정보,
덕성여대약대면접준비,약학,덕성여대,약학 · 덕성여대,T3 행동·정보,
덕성여대약대면접대비,약학,덕성여대,약학 · 덕성여대,T3 행동·정보,
덕성여대약대면접학원,약학,덕성여대,약학 · 덕성여대,T3 행동·정보,
덕성여대약대면접과외,약학,덕성여대,약학 · 덕성여대,T3 행동·정보,
덕성여대약대면접후기,약학,덕성여대,약학 · 덕성여대,T3 행동·정보,
덕성약대면접,약학,덕성여대,약학 · 덕성여대,T1 핵심,
덕성약학과면접,약학,덕성여대,약학 · 덕성여대,T1 핵심,
덕성약대면접기출,약학,덕성여대,약학 · 덕성여대,T3 행동·정보,
덕성약대면접문제,약학,덕성여대,약학 · 덕성여대,T3 행동·정보,
덕성약대면접일,약학,덕성여대,약학 · 덕성여대,T3 행동·정보,
덕성약대면접일정,약학,덕성여대,약학 · 덕성여대,T3 행동·정보,
덕성약대면접준비,약학,덕성여대,약학 · 덕성여대,T3 행동·정보,
덕성약대면접대비,약학,덕성여대,약학 · 덕성여대,T3 행동·정보,
덕성약대면접학원,약학,덕성여대,약학 · 덕성여대,T3 행동·정보,
덕성약대면접과외,약학,덕성여대,약학 · 덕성여대,T3 행동·정보,
덕성약대면접후기,약학,덕성여대,약학 · 덕성여대,T3 행동·정보,
동덕여대약대면접,약학,동덕여대,약학 · 동덕여대,T1 핵심,
동덕여대약학과면접,약학,동덕여대,약학 · 동덕여대,T1 핵심,
동덕여대약대면접기출,약학,동덕여대,약학 · 동덕여대,T3 행동·정보,
동덕여대약대면접문제,약학,동덕여대,약학 · 동덕여대,T3 행동·정보,
동덕여대약대면접일,약학,동덕여대,약학 · 동덕여대,T3 행동·정보,
동덕여대약대면접일정,약학,동덕여대,약학 · 동덕여대,T3 행동·정보,
동덕여대약대면접준비,약학,동덕여대,약학 · 동덕여대,T3 행동·정보,
동덕여대약대면접대비,약학,동덕여대,약학 · 동덕여대,T3 행동·정보,
동덕여대약대면접학원,약학,동덕여대,약학 · 동덕여대,T3 행동·정보,
동덕여대약대면접과외,약학,동덕여대,약학 · 동덕여대,T3 행동·정보,
동덕여대약대면접후기,약학,동덕여대,약학 · 동덕여대,T3 행동·정보,
동덕약대면접,약학,동덕여대,약학 · 동덕여대,T1 핵심,
동덕약학과면접,약학,동덕여대,약학 · 동덕여대,T1 핵심,
동덕약대면접기출,약학,동덕여대,약학 · 동덕여대,T3 행동·정보,
동덕약대면접문제,약학,동덕여대,약학 · 동덕여대,T3 행동·정보,
동덕약대면접일,약학,동덕여대,약학 · 동덕여대,T3 행동·정보,
동덕약대면접일정,약학,동덕여대,약학 · 동덕여대,T3 행동·정보,
동덕약대면접준비,약학,동덕여대,약학 · 동덕여대,T3 행동·정보,
동덕약대면접대비,약학,동덕여대,약학 · 동덕여대,T3 행동·정보,
동덕약대면접학원,약학,동덕여대,약학 · 동덕여대,T3 행동·정보,
동덕약대면접과외,약학,동덕여대,약학 · 동덕여대,T3 행동·정보,
동덕약대면접후기,약학,동덕여대,약학 · 동덕여대,T3 행동·정보,
삼육대약대면접,약학,삼육대,약학 · 삼육대,T1 핵심,
삼육대약학과면접,약학,삼육대,약학 · 삼육대,T1 핵심,
삼육대약대면접기출,약학,삼육대,약학 · 삼육대,T3 행동·정보,
삼육대약대면접문제,약학,삼육대,약학 · 삼육대,T3 행동·정보,
삼육대약대면접일,약학,삼육대,약학 · 삼육대,T3 행동·정보,
삼육대약대면접일정,약학,삼육대,약학 · 삼육대,T3 행동·정보,
삼육대약대면접준비,약학,삼육대,약학 · 삼육대,T3 행동·정보,
삼육대약대면접대비,약학,삼육대,약학 · 삼육대,T3 행동·정보,
삼육대약대면접학원,약학,삼육대,약학 · 삼육대,T3 행동·정보,
삼육대약대면접과외,약학,삼육대,약학 · 삼육대,T3 행동·정보,
삼육대약대면접후기,약학,삼육대,약학 · 삼육대,T3 행동·정보,
삼육약대면접,약학,삼육대,약학 · 삼육대,T1 핵심,
삼육약학과면접,약학,삼육대,약학 · 삼육대,T1 핵심,
삼육약대면접기출,약학,삼육대,약학 · 삼육대,T3 행동·정보,
삼육약대면접문제,약학,삼육대,약학 · 삼육대,T3 행동·정보,
삼육약대면접일,약학,삼육대,약학 · 삼육대,T3 행동·정보,
삼육약대면접일정,약학,삼육대,약학 · 삼육대,T3 행동·정보,
삼육약대면접준비,약학,삼육대,약학 · 삼육대,T3 행동·정보,
삼육약대면접대비,약학,삼육대,약학 · 삼육대,T3 행동·정보,
삼육약대면접학원,약학,삼육대,약학 · 삼육대,T3 행동·정보,
삼육약대면접과외,약학,삼육대,약학 · 삼육대,T3 행동·정보,
삼육약대면접후기,약학,삼육대,약학 · 삼육대,T3 행동·정보,
차의과학대약대면접,약학,차의과학대,약학 · 차의과학대,T1 핵심,
차의과학대약학과면접,약학,차의과학대,약학 · 차의과학대,T1 핵심,
차의과학대약대면접기출,약학,차의과학대,약학 · 차의과학대,T3 행동·정보,
차의과학대약대면접문제,약학,차의과학대,약학 · 차의과학대,T3 행동·정보,
차의과학대약대면접일,약학,차의과학대,약학 · 차의과학대,T3 행동·정보,
차의과학대약대면접일정,약학,차의과학대,약학 · 차의과학대,T3 행동·정보,
차의과학대약대면접준비,약학,차의과학대,약학 · 차의과학대,T3 행동·정보,
차의과학대약대면접대비,약학,차의과학대,약학 · 차의과학대,T3 행동·정보,
차의과학대약대면접학원,약학,차의과학대,약학 · 차의과학대,T3 행동·정보,
차의과학대약대면접과외,약학,차의과학대,약학 · 차의과학대,T3 행동·정보,
차의과학대약대면접후기,약학,차의과학대,약학 · 차의과학대,T3 행동·정보,
차의과대약대면접,약학,차의과학대,약학 · 차의과학대,T1 핵심,
차의과대약학과면접,약학,차의과학대,약학 · 차의과학대,T1 핵심,
차의과대약대면접기출,약학,차의과학대,약학 · 차의과학대,T3 행동·정보,
차의과대약대면접문제,약학,차의과학대,약학 · 차의과학대,T3 행동·정보,
차의과대약대면접일,약학,차의과학대,약학 · 차의과학대,T3 행동·정보,
차의과대약대면접일정,약학,차의과학대,약학 · 차의과학대,T3 행동·정보,
차의과대약대면접준비,약학,차의과학대,약학 · 차의과학대,T3 행동·정보,
차의과대약대면접대비,약학,차의과학대,약학 · 차의과학대,T3 행동·정보,
차의과대약대면접학원,약학,차의과학대,약학 · 차의과학대,T3 행동·정보,
차의과대약대면접과외,약학,차의과학대,약학 · 차의과학대,T3 행동·정보,
차의과대약대면접후기,약학,차의과학대,약학 · 차의과학대,T3 행동·정보,
차대약대면접,약학,차의과학대,약학 · 차의과학대,T1 핵심,검색량 확인 필요
차대약학과면접,약학,차의과학대,약학 · 차의과학대,T1 핵심,검색량 확인 필요
차대약대면접기출,약학,차의과학대,약학 · 차의과학대,T3 행동·정보,검색량 확인 필요
차대약대면접문제,약학,차의과학대,약학 · 차의과학대,T3 행동·정보,검색량 확인 필요
차대약대면접일,약학,차의과학대,약학 · 차의과학대,T3 행동·정보,검색량 확인 필요
차대약대면접일정,약학,차의과학대,약학 · 차의과학대,T3 행동·정보,검색량 확인 필요
차대약대면접준비,약학,차의과학대,약학 · 차의과학대,T3 행동·정보,검색량 확인 필요
차대약대면접대비,약학,차의과학대,약학 · 차의과학대,T3 행동·정보,검색량 확인 필요
차대약대면접학원,약학,차의과학대,약학 · 차의과학대,T3 행동·정보,검색량 확인 필요
차대약대면접과외,약학,차의과학대,약학 · 차의과학대,T3 행동·정보,검색량 확인 필요
차대약대면접후기,약학,차의과학대,약학 · 차의과학대,T3 행동·정보,검색량 확인 필요
고려대세종약대면접,약학,고려대세종,약학 · 고려대세종,T1 핵심,
고려대세종약학과면접,약학,고려대세종,약학 · 고려대세종,T1 핵심,
고려대세종약대면접기출,약학,고려대세종,약학 · 고려대세종,T3 행동·정보,
고려대세종약대면접문제,약학,고려대세종,약학 · 고려대세종,T3 행동·정보,
고려대세종약대면접일,약학,고려대세종,약학 · 고려대세종,T3 행동·정보,
고려대세종약대면접일정,약학,고려대세종,약학 · 고려대세종,T3 행동·정보,
고려대세종약대면접준비,약학,고려대세종,약학 · 고려대세종,T3 행동·정보,
고려대세종약대면접대비,약학,고려대세종,약학 · 고려대세종,T3 행동·정보,
고려대세종약대면접학원,약학,고려대세종,약학 · 고려대세종,T3 행동·정보,
고려대세종약대면접과외,약학,고려대세종,약학 · 고려대세종,T3 행동·정보,
고려대세종약대면접후기,약학,고려대세종,약학 · 고려대세종,T3 행동·정보,
고대세종약대면접,약학,고려대세종,약학 · 고려대세종,T1 핵심,
고대세종약학과면접,약학,고려대세종,약학 · 고려대세종,T1 핵심,
고대세종약대면접기출,약학,고려대세종,약학 · 고려대세종,T3 행동·정보,
고대세종약대면접문제,약학,고려대세종,약학 · 고려대세종,T3 행동·정보,
고대세종약대면접일,약학,고려대세종,약학 · 고려대세종,T3 행동·정보,
고대세종약대면접일정,약학,고려대세종,약학 · 고려대세종,T3 행동·정보,
고대세종약대면접준비,약학,고려대세종,약학 · 고려대세종,T3 행동·정보,
고대세종약대면접대비,약학,고려대세종,약학 · 고려대세종,T3 행동·정보,
고대세종약대면접학원,약학,고려대세종,약학 · 고려대세종,T3 행동·정보,
고대세종약대면접과외,약학,고려대세종,약학 · 고려대세종,T3 행동·정보,
고대세종약대면접후기,약학,고려대세종,약학 · 고려대세종,T3 행동·정보,
세종고려대약대면접,약학,고려대세종,약학 · 고려대세종,T1 핵심,
세종고려대약학과면접,약학,고려대세종,약학 · 고려대세종,T1 핵심,
세종고려대약대면접기출,약학,고려대세종,약학 · 고려대세종,T3 행동·정보,
세종고려대약대면접문제,약학,고려대세종,약학 · 고려대세종,T3 행동·정보,
세종고려대약대면접일,약학,고려대세종,약학 · 고려대세종,T3 행동·정보,
세종고려대약대면접일정,약학,고려대세종,약학 · 고려대세종,T3 행동·정보,
세종고려대약대면접준비,약학,고려대세종,약학 · 고려대세종,T3 행동·정보,
세종고려대약대면접대비,약학,고려대세종,약학 · 고려대세종,T3 행동·정보,
세종고려대약대면접학원,약학,고려대세종,약학 · 고려대세종,T3 행동·정보,
세종고려대약대면접과외,약학,고려대세종,약학 · 고려대세종,T3 행동·정보,
세종고려대약대면접후기,약학,고려대세종,약학 · 고려대세종,T3 행동·정보,
한양대에리카약대면접,약학,한양대에리카,약학 · 한양대에리카,T1 핵심,
한양대에리카약학과면접,약학,한양대에리카,약학 · 한양대에리카,T1 핵심,
한양대에리카약대면접기출,약학,한양대에리카,약학 · 한양대에리카,T3 행동·정보,
한양대에리카약대면접문제,약학,한양대에리카,약학 · 한양대에리카,T3 행동·정보,
한양대에리카약대면접일,약학,한양대에리카,약학 · 한양대에리카,T3 행동·정보,
한양대에리카약대면접일정,약학,한양대에리카,약학 · 한양대에리카,T3 행동·정보,
한양대에리카약대면접준비,약학,한양대에리카,약학 · 한양대에리카,T3 행동·정보,
한양대에리카약대면접대비,약학,한양대에리카,약학 · 한양대에리카,T3 행동·정보,
한양대에리카약대면접학원,약학,한양대에리카,약학 · 한양대에리카,T3 행동·정보,
한양대에리카약대면접과외,약학,한양대에리카,약학 · 한양대에리카,T3 행동·정보,
한양대에리카약대면접후기,약학,한양대에리카,약학 · 한양대에리카,T3 행동·정보,
한양에리카약대면접,약학,한양대에리카,약학 · 한양대에리카,T1 핵심,
한양에리카약학과면접,약학,한양대에리카,약학 · 한양대에리카,T1 핵심,
한양에리카약대면접기출,약학,한양대에리카,약학 · 한양대에리카,T3 행동·정보,
한양에리카약대면접문제,약학,한양대에리카,약학 · 한양대에리카,T3 행동·정보,
한양에리카약대면접일,약학,한양대에리카,약학 · 한양대에리카,T3 행동·정보,
한양에리카약대면접일정,약학,한양대에리카,약학 · 한양대에리카,T3 행동·정보,
한양에리카약대면접준비,약학,한양대에리카,약학 · 한양대에리카,T3 행동·정보,
한양에리카약대면접대비,약학,한양대에리카,약학 · 한양대에리카,T3 행동·정보,
한양에리카약대면접학원,약학,한양대에리카,약학 · 한양대에리카,T3 행동·정보,
한양에리카약대면접과외,약학,한양대에리카,약학 · 한양대에리카,T3 행동·정보,
한양에리카약대면접후기,약학,한양대에리카,약학 · 한양대에리카,T3 행동·정보,
에리카약대면접,약학,한양대에리카,약학 · 한양대에리카,T1 핵심,단독 표기 — 의도 확인
에리카약학과면접,약학,한양대에리카,약학 · 한양대에리카,T1 핵심,단독 표기 — 의도 확인
에리카약대면접기출,약학,한양대에리카,약학 · 한양대에리카,T3 행동·정보,단독 표기 — 의도 확인
에리카약대면접문제,약학,한양대에리카,약학 · 한양대에리카,T3 행동·정보,단독 표기 — 의도 확인
에리카약대면접일,약학,한양대에리카,약학 · 한양대에리카,T3 행동·정보,단독 표기 — 의도 확인
에리카약대면접일정,약학,한양대에리카,약학 · 한양대에리카,T3 행동·정보,단독 표기 — 의도 확인
에리카약대면접준비,약학,한양대에리카,약학 · 한양대에리카,T3 행동·정보,단독 표기 — 의도 확인
에리카약대면접대비,약학,한양대에리카,약학 · 한양대에리카,T3 행동·정보,단독 표기 — 의도 확인
에리카약대면접학원,약학,한양대에리카,약학 · 한양대에리카,T3 행동·정보,단독 표기 — 의도 확인
에리카약대면접과외,약학,한양대에리카,약학 · 한양대에리카,T3 행동·정보,단독 표기 — 의도 확인
에리카약대면접후기,약학,한양대에리카,약학 · 한양대에리카,T3 행동·정보,단독 표기 — 의도 확인
단국대약대면접,약학,단국대,약학 · 단국대,T1 핵심,
단국대약학과면접,약학,단국대,약학 · 단국대,T1 핵심,
단국대약대면접기출,약학,단국대,약학 · 단국대,T3 행동·정보,
단국대약대면접문제,약학,단국대,약학 · 단국대,T3 행동·정보,
단국대약대면접일,약학,단국대,약학 · 단국대,T3 행동·정보,
단국대약대면접일정,약학,단국대,약학 · 단국대,T3 행동·정보,
단국대약대면접준비,약학,단국대,약학 · 단국대,T3 행동·정보,
단국대약대면접대비,약학,단국대,약학 · 단국대,T3 행동·정보,
단국대약대면접학원,약학,단국대,약학 · 단국대,T3 행동·정보,
단국대약대면접과외,약학,단국대,약학 · 단국대,T3 행동·정보,
단국대약대면접후기,약학,단국대,약학 · 단국대,T3 행동·정보,
단국약대면접,약학,단국대,약학 · 단국대,T1 핵심,
단국약학과면접,약학,단국대,약학 · 단국대,T1 핵심,
단국약대면접기출,약학,단국대,약학 · 단국대,T3 행동·정보,
단국약대면접문제,약학,단국대,약학 · 단국대,T3 행동·정보,
단국약대면접일,약학,단국대,약학 · 단국대,T3 행동·정보,
단국약대면접일정,약학,단국대,약학 · 단국대,T3 행동·정보,
단국약대면접준비,약학,단국대,약학 · 단국대,T3 행동·정보,
단국약대면접대비,약학,단국대,약학 · 단국대,T3 행동·정보,
단국약대면접학원,약학,단국대,약학 · 단국대,T3 행동·정보,
단국약대면접과외,약학,단국대,약학 · 단국대,T3 행동·정보,
단국약대면접후기,약학,단국대,약학 · 단국대,T3 행동·정보,
단국대천안약대면접,약학,단국대,약학 · 단국대,T1 핵심,
단국대천안약학과면접,약학,단국대,약학 · 단국대,T1 핵심,
단국대천안약대면접기출,약학,단국대,약학 · 단국대,T3 행동·정보,
단국대천안약대면접문제,약학,단국대,약학 · 단국대,T3 행동·정보,
단국대천안약대면접일,약학,단국대,약학 · 단국대,T3 행동·정보,
단국대천안약대면접일정,약학,단국대,약학 · 단국대,T3 행동·정보,
단국대천안약대면접준비,약학,단국대,약학 · 단국대,T3 행동·정보,
단국대천안약대면접대비,약학,단국대,약학 · 단국대,T3 행동·정보,
단국대천안약대면접학원,약학,단국대,약학 · 단국대,T3 행동·정보,
단국대천안약대면접과외,약학,단국대,약학 · 단국대,T3 행동·정보,
단국대천안약대면접후기,약학,단국대,약학 · 단국대,T3 행동·정보,
인제대약대면접,약학,인제대,약학 · 인제대,T1 핵심,
인제대약학과면접,약학,인제대,약학 · 인제대,T1 핵심,
인제대약대면접기출,약학,인제대,약학 · 인제대,T3 행동·정보,
인제대약대면접문제,약학,인제대,약학 · 인제대,T3 행동·정보,
인제대약대면접일,약학,인제대,약학 · 인제대,T3 행동·정보,
인제대약대면접일정,약학,인제대,약학 · 인제대,T3 행동·정보,
인제대약대면접준비,약학,인제대,약학 · 인제대,T3 행동·정보,
인제대약대면접대비,약학,인제대,약학 · 인제대,T3 행동·정보,
인제대약대면접학원,약학,인제대,약학 · 인제대,T3 행동·정보,
인제대약대면접과외,약학,인제대,약학 · 인제대,T3 행동·정보,
인제대약대면접후기,약학,인제대,약학 · 인제대,T3 행동·정보,
인제약대면접,약학,인제대,약학 · 인제대,T1 핵심,
인제약학과면접,약학,인제대,약학 · 인제대,T1 핵심,
인제약대면접기출,약학,인제대,약학 · 인제대,T3 행동·정보,
인제약대면접문제,약학,인제대,약학 · 인제대,T3 행동·정보,
인제약대면접일,약학,인제대,약학 · 인제대,T3 행동·정보,
인제약대면접일정,약학,인제대,약학 · 인제대,T3 행동·정보,
인제약대면접준비,약학,인제대,약학 · 인제대,T3 행동·정보,
인제약대면접대비,약학,인제대,약학 · 인제대,T3 행동·정보,
인제약대면접학원,약학,인제대,약학 · 인제대,T3 행동·정보,
인제약대면접과외,약학,인제대,약학 · 인제대,T3 행동·정보,
인제약대면접후기,약학,인제대,약학 · 인제대,T3 행동·정보,
계명대약대면접,약학,계명대,약학 · 계명대,T1 핵심,
계명대약학과면접,약학,계명대,약학 · 계명대,T1 핵심,
계명대약대면접기출,약학,계명대,약학 · 계명대,T3 행동·정보,
계명대약대면접문제,약학,계명대,약학 · 계명대,T3 행동·정보,
계명대약대면접일,약학,계명대,약학 · 계명대,T3 행동·정보,
계명대약대면접일정,약학,계명대,약학 · 계명대,T3 행동·정보,
계명대약대면접준비,약학,계명대,약학 · 계명대,T3 행동·정보,
계명대약대면접대비,약학,계명대,약학 · 계명대,T3 행동·정보,
계명대약대면접학원,약학,계명대,약학 · 계명대,T3 행동·정보,
계명대약대면접과외,약학,계명대,약학 · 계명대,T3 행동·정보,
계명대약대면접후기,약학,계명대,약학 · 계명대,T3 행동·정보,
계명약대면접,약학,계명대,약학 · 계명대,T1 핵심,
계명약학과면접,약학,계명대,약학 · 계명대,T1 핵심,
계명약대면접기출,약학,계명대,약학 · 계명대,T3 행동·정보,
계명약대면접문제,약학,계명대,약학 · 계명대,T3 행동·정보,
계명약대면접일,약학,계명대,약학 · 계명대,T3 행동·정보,
계명약대면접일정,약학,계명대,약학 · 계명대,T3 행동·정보,
계명약대면접준비,약학,계명대,약학 · 계명대,T3 행동·정보,
계명약대면접대비,약학,계명대,약학 · 계명대,T3 행동·정보,
계명약대면접학원,약학,계명대,약학 · 계명대,T3 행동·정보,
계명약대면접과외,약학,계명대,약학 · 계명대,T3 행동·정보,
계명약대면접후기,약학,계명대,약학 · 계명대,T3 행동·정보,
대구가톨릭대약대면접,약학,대구가톨릭대,약학 · 대구가톨릭대,T1 핵심,
대구가톨릭대약학과면접,약학,대구가톨릭대,약학 · 대구가톨릭대,T1 핵심,
대구가톨릭대약대면접기출,약학,대구가톨릭대,약학 · 대구가톨릭대,T3 행동·정보,
대구가톨릭대약대면접문제,약학,대구가톨릭대,약학 · 대구가톨릭대,T3 행동·정보,
대구가톨릭대약대면접일,약학,대구가톨릭대,약학 · 대구가톨릭대,T3 행동·정보,
대구가톨릭대약대면접일정,약학,대구가톨릭대,약학 · 대구가톨릭대,T3 행동·정보,
대구가톨릭대약대면접준비,약학,대구가톨릭대,약학 · 대구가톨릭대,T3 행동·정보,
대구가톨릭대약대면접대비,약학,대구가톨릭대,약학 · 대구가톨릭대,T3 행동·정보,
대구가톨릭대약대면접학원,약학,대구가톨릭대,약학 · 대구가톨릭대,T3 행동·정보,
대구가톨릭대약대면접과외,약학,대구가톨릭대,약학 · 대구가톨릭대,T3 행동·정보,
대구가톨릭대약대면접후기,약학,대구가톨릭대,약학 · 대구가톨릭대,T3 행동·정보,
대구카톨릭대약대면접,약학,대구가톨릭대,약학 · 대구가톨릭대,T1 핵심,
대구카톨릭대약학과면접,약학,대구가톨릭대,약학 · 대구가톨릭대,T1 핵심,
대구카톨릭대약대면접기출,약학,대구가톨릭대,약학 · 대구가톨릭대,T3 행동·정보,
대구카톨릭대약대면접문제,약학,대구가톨릭대,약학 · 대구가톨릭대,T3 행동·정보,
대구카톨릭대약대면접일,약학,대구가톨릭대,약학 · 대구가톨릭대,T3 행동·정보,
대구카톨릭대약대면접일정,약학,대구가톨릭대,약학 · 대구가톨릭대,T3 행동·정보,
대구카톨릭대약대면접준비,약학,대구가톨릭대,약학 · 대구가톨릭대,T3 행동·정보,
대구카톨릭대약대면접대비,약학,대구가톨릭대,약학 · 대구가톨릭대,T3 행동·정보,
대구카톨릭대약대면접학원,약학,대구가톨릭대,약학 · 대구가톨릭대,T3 행동·정보,
대구카톨릭대약대면접과외,약학,대구가톨릭대,약학 · 대구가톨릭대,T3 행동·정보,
대구카톨릭대약대면접후기,약학,대구가톨릭대,약학 · 대구가톨릭대,T3 행동·정보,
대가대약대면접,약학,대구가톨릭대,약학 · 대구가톨릭대,T1 핵심,
대가대약학과면접,약학,대구가톨릭대,약학 · 대구가톨릭대,T1 핵심,
대가대약대면접기출,약학,대구가톨릭대,약학 · 대구가톨릭대,T3 행동·정보,
대가대약대면접문제,약학,대구가톨릭대,약학 · 대구가톨릭대,T3 행동·정보,
대가대약대면접일,약학,대구가톨릭대,약학 · 대구가톨릭대,T3 행동·정보,
대가대약대면접일정,약학,대구가톨릭대,약학 · 대구가톨릭대,T3 행동·정보,
대가대약대면접준비,약학,대구가톨릭대,약학 · 대구가톨릭대,T3 행동·정보,
대가대약대면접대비,약학,대구가톨릭대,약학 · 대구가톨릭대,T3 행동·정보,
대가대약대면접학원,약학,대구가톨릭대,약학 · 대구가톨릭대,T3 행동·정보,
대가대약대면접과외,약학,대구가톨릭대,약학 · 대구가톨릭대,T3 행동·정보,
대가대약대면접후기,약학,대구가톨릭대,약학 · 대구가톨릭대,T3 행동·정보,
영남대약대면접,약학,영남대,약학 · 영남대,T1 핵심,
영남대약학과면접,약학,영남대,약학 · 영남대,T1 핵심,
영남대약대면접기출,약학,영남대,약학 · 영남대,T3 행동·정보,
영남대약대면접문제,약학,영남대,약학 · 영남대,T3 행동·정보,
영남대약대면접일,약학,영남대,약학 · 영남대,T3 행동·정보,
영남대약대면접일정,약학,영남대,약학 · 영남대,T3 행동·정보,
영남대약대면접준비,약학,영남대,약학 · 영남대,T3 행동·정보,
영남대약대면접대비,약학,영남대,약학 · 영남대,T3 행동·정보,
영남대약대면접학원,약학,영남대,약학 · 영남대,T3 행동·정보,
영남대약대면접과외,약학,영남대,약학 · 영남대,T3 행동·정보,
영남대약대면접후기,약학,영남대,약학 · 영남대,T3 행동·정보,
영남약대면접,약학,영남대,약학 · 영남대,T1 핵심,
영남약학과면접,약학,영남대,약학 · 영남대,T1 핵심,
영남약대면접기출,약학,영남대,약학 · 영남대,T3 행동·정보,
영남약대면접문제,약학,영남대,약학 · 영남대,T3 행동·정보,
영남약대면접일,약학,영남대,약학 · 영남대,T3 행동·정보,
영남약대면접일정,약학,영남대,약학 · 영남대,T3 행동·정보,
영남약대면접준비,약학,영남대,약학 · 영남대,T3 행동·정보,
영남약대면접대비,약학,영남대,약학 · 영남대,T3 행동·정보,
영남약대면접학원,약학,영남대,약학 · 영남대,T3 행동·정보,
영남약대면접과외,약학,영남대,약학 · 영남대,T3 행동·정보,
영남약대면접후기,약학,영남대,약학 · 영남대,T3 행동·정보,
경성대약대면접,약학,경성대,약학 · 경성대,T1 핵심,
경성대약학과면접,약학,경성대,약학 · 경성대,T1 핵심,
경성대약대면접기출,약학,경성대,약학 · 경성대,T3 행동·정보,
경성대약대면접문제,약학,경성대,약학 · 경성대,T3 행동·정보,
경성대약대면접일,약학,경성대,약학 · 경성대,T3 행동·정보,
경성대약대면접일정,약학,경성대,약학 · 경성대,T3 행동·정보,
경성대약대면접준비,약학,경성대,약학 · 경성대,T3 행동·정보,
경성대약대면접대비,약학,경성대,약학 · 경성대,T3 행동·정보,
경성대약대면접학원,약학,경성대,약학 · 경성대,T3 행동·정보,
경성대약대면접과외,약학,경성대,약학 · 경성대,T3 행동·정보,
경성대약대면접후기,약학,경성대,약학 · 경성대,T3 행동·정보,
경성약대면접,약학,경성대,약학 · 경성대,T1 핵심,
경성약학과면접,약학,경성대,약학 · 경성대,T1 핵심,
경성약대면접기출,약학,경성대,약학 · 경성대,T3 행동·정보,
경성약대면접문제,약학,경성대,약학 · 경성대,T3 행동·정보,
경성약대면접일,약학,경성대,약학 · 경성대,T3 행동·정보,
경성약대면접일정,약학,경성대,약학 · 경성대,T3 행동·정보,
경성약대면접준비,약학,경성대,약학 · 경성대,T3 행동·정보,
경성약대면접대비,약학,경성대,약학 · 경성대,T3 행동·정보,
경성약대면접학원,약학,경성대,약학 · 경성대,T3 행동·정보,
경성약대면접과외,약학,경성대,약학 · 경성대,T3 행동·정보,
경성약대면접후기,약학,경성대,약학 · 경성대,T3 행동·정보,
부산대약대면접,약학,부산대,약학 · 부산대,T1 핵심,
부산대약학과면접,약학,부산대,약학 · 부산대,T1 핵심,
부산대약대면접기출,약학,부산대,약학 · 부산대,T3 행동·정보,
부산대약대면접문제,약학,부산대,약학 · 부산대,T3 행동·정보,
부산대약대면접일,약학,부산대,약학 · 부산대,T3 행동·정보,
부산대약대면접일정,약학,부산대,약학 · 부산대,T3 행동·정보,
부산대약대면접준비,약학,부산대,약학 · 부산대,T3 행동·정보,
부산대약대면접대비,약학,부산대,약학 · 부산대,T3 행동·정보,
부산대약대면접학원,약학,부산대,약학 · 부산대,T3 행동·정보,
부산대약대면접과외,약학,부산대,약학 · 부산대,T3 행동·정보,
부산대약대면접후기,약학,부산대,약학 · 부산대,T3 행동·정보,
부산약대면접,약학,부산대,약학 · 부산대,T1 핵심,
부산약학과면접,약학,부산대,약학 · 부산대,T1 핵심,
부산약대면접기출,약학,부산대,약학 · 부산대,T3 행동·정보,
부산약대면접문제,약학,부산대,약학 · 부산대,T3 행동·정보,
부산약대면접일,약학,부산대,약학 · 부산대,T3 행동·정보,
부산약대면접일정,약학,부산대,약학 · 부산대,T3 행동·정보,
부산약대면접준비,약학,부산대,약학 · 부산대,T3 행동·정보,
부산약대면접대비,약학,부산대,약학 · 부산대,T3 행동·정보,
부산약대면접학원,약학,부산대,약학 · 부산대,T3 행동·정보,
부산약대면접과외,약학,부산대,약학 · 부산대,T3 행동·정보,
부산약대면접후기,약학,부산대,약학 · 부산대,T3 행동·정보,
경북대약대면접,약학,경북대,약학 · 경북대,T1 핵심,
경북대약학과면접,약학,경북대,약학 · 경북대,T1 핵심,
경북대약대면접기출,약학,경북대,약학 · 경북대,T3 행동·정보,
경북대약대면접문제,약학,경북대,약학 · 경북대,T3 행동·정보,
경북대약대면접일,약학,경북대,약학 · 경북대,T3 행동·정보,
경북대약대면접일정,약학,경북대,약학 · 경북대,T3 행동·정보,
경북대약대면접준비,약학,경북대,약학 · 경북대,T3 행동·정보,
경북대약대면접대비,약학,경북대,약학 · 경북대,T3 행동·정보,
경북대약대면접학원,약학,경북대,약학 · 경북대,T3 행동·정보,
경북대약대면접과외,약학,경북대,약학 · 경북대,T3 행동·정보,
경북대약대면접후기,약학,경북대,약학 · 경북대,T3 행동·정보,
경북약대면접,약학,경북대,약학 · 경북대,T1 핵심,
경북약학과면접,약학,경북대,약학 · 경북대,T1 핵심,
경북약대면접기출,약학,경북대,약학 · 경북대,T3 행동·정보,
경북약대면접문제,약학,경북대,약학 · 경북대,T3 행동·정보,
경북약대면접일,약학,경북대,약학 · 경북대,T3 행동·정보,
경북약대면접일정,약학,경북대,약학 · 경북대,T3 행동·정보,
경북약대면접준비,약학,경북대,약학 · 경북대,T3 행동·정보,
경북약대면접대비,약학,경북대,약학 · 경북대,T3 행동·정보,
경북약대면접학원,약학,경북대,약학 · 경북대,T3 행동·정보,
경북약대면접과외,약학,경북대,약학 · 경북대,T3 행동·정보,
경북약대면접후기,약학,경북대,약학 · 경북대,T3 행동·정보,
경상국립대약대면접,약학,경상국립대,약학 · 경상국립대,T1 핵심,
경상국립대약학과면접,약학,경상국립대,약학 · 경상국립대,T1 핵심,
경상국립대약대면접기출,약학,경상국립대,약학 · 경상국립대,T3 행동·정보,
경상국립대약대면접문제,약학,경상국립대,약학 · 경상국립대,T3 행동·정보,
경상국립대약대면접일,약학,경상국립대,약학 · 경상국립대,T3 행동·정보,
경상국립대약대면접일정,약학,경상국립대,약학 · 경상국립대,T3 행동·정보,
경상국립대약대면접준비,약학,경상국립대,약학 · 경상국립대,T3 행동·정보,
경상국립대약대면접대비,약학,경상국립대,약학 · 경상국립대,T3 행동·정보,
경상국립대약대면접학원,약학,경상국립대,약학 · 경상국립대,T3 행동·정보,
경상국립대약대면접과외,약학,경상국립대,약학 · 경상국립대,T3 행동·정보,
경상국립대약대면접후기,약학,경상국립대,약학 · 경상국립대,T3 행동·정보,
경상대약대면접,약학,경상국립대,약학 · 경상국립대,T1 핵심,
경상대약학과면접,약학,경상국립대,약학 · 경상국립대,T1 핵심,
경상대약대면접기출,약학,경상국립대,약학 · 경상국립대,T3 행동·정보,
경상대약대면접문제,약학,경상국립대,약학 · 경상국립대,T3 행동·정보,
경상대약대면접일,약학,경상국립대,약학 · 경상국립대,T3 행동·정보,
경상대약대면접일정,약학,경상국립대,약학 · 경상국립대,T3 행동·정보,
경상대약대면접준비,약학,경상국립대,약학 · 경상국립대,T3 행동·정보,
경상대약대면접대비,약학,경상국립대,약학 · 경상국립대,T3 행동·정보,
경상대약대면접학원,약학,경상국립대,약학 · 경상국립대,T3 행동·정보,
경상대약대면접과외,약학,경상국립대,약학 · 경상국립대,T3 행동·정보,
경상대약대면접후기,약학,경상국립대,약학 · 경상국립대,T3 행동·정보,
경상국립약대면접,약학,경상국립대,약학 · 경상국립대,T1 핵심,
경상국립약학과면접,약학,경상국립대,약학 · 경상국립대,T1 핵심,
경상국립약대면접기출,약학,경상국립대,약학 · 경상국립대,T3 행동·정보,
경상국립약대면접문제,약학,경상국립대,약학 · 경상국립대,T3 행동·정보,
경상국립약대면접일,약학,경상국립대,약학 · 경상국립대,T3 행동·정보,
경상국립약대면접일정,약학,경상국립대,약학 · 경상국립대,T3 행동·정보,
경상국립약대면접준비,약학,경상국립대,약학 · 경상국립대,T3 행동·정보,
경상국립약대면접대비,약학,경상국립대,약학 · 경상국립대,T3 행동·정보,
경상국립약대면접학원,약학,경상국립대,약학 · 경상국립대,T3 행동·정보,
경상국립약대면접과외,약학,경상국립대,약학 · 경상국립대,T3 행동·정보,
경상국립약대면접후기,약학,경상국립대,약학 · 경상국립대,T3 행동·정보,
충남대약대면접,약학,충남대,약학 · 충남대,T1 핵심,
충남대약학과면접,약학,충남대,약학 · 충남대,T1 핵심,
충남대약대면접기출,약학,충남대,약학 · 충남대,T3 행동·정보,
충남대약대면접문제,약학,충남대,약학 · 충남대,T3 행동·정보,
충남대약대면접일,약학,충남대,약학 · 충남대,T3 행동·정보,
충남대약대면접일정,약학,충남대,약학 · 충남대,T3 행동·정보,
충남대약대면접준비,약학,충남대,약학 · 충남대,T3 행동·정보,
충남대약대면접대비,약학,충남대,약학 · 충남대,T3 행동·정보,
충남대약대면접학원,약학,충남대,약학 · 충남대,T3 행동·정보,
충남대약대면접과외,약학,충남대,약학 · 충남대,T3 행동·정보,
충남대약대면접후기,약학,충남대,약학 · 충남대,T3 행동·정보,
충남약대면접,약학,충남대,약학 · 충남대,T1 핵심,
충남약학과면접,약학,충남대,약학 · 충남대,T1 핵심,
충남약대면접기출,약학,충남대,약학 · 충남대,T3 행동·정보,
충남약대면접문제,약학,충남대,약학 · 충남대,T3 행동·정보,
충남약대면접일,약학,충남대,약학 · 충남대,T3 행동·정보,
충남약대면접일정,약학,충남대,약학 · 충남대,T3 행동·정보,
충남약대면접준비,약학,충남대,약학 · 충남대,T3 행동·정보,
충남약대면접대비,약학,충남대,약학 · 충남대,T3 행동·정보,
충남약대면접학원,약학,충남대,약학 · 충남대,T3 행동·정보,
충남약대면접과외,약학,충남대,약학 · 충남대,T3 행동·정보,
충남약대면접후기,약학,충남대,약학 · 충남대,T3 행동·정보,
충북대약대면접,약학,충북대,약학 · 충북대,T1 핵심,
충북대약학과면접,약학,충북대,약학 · 충북대,T1 핵심,
충북대약대면접기출,약학,충북대,약학 · 충북대,T3 행동·정보,
충북대약대면접문제,약학,충북대,약학 · 충북대,T3 행동·정보,
충북대약대면접일,약학,충북대,약학 · 충북대,T3 행동·정보,
충북대약대면접일정,약학,충북대,약학 · 충북대,T3 행동·정보,
충북대약대면접준비,약학,충북대,약학 · 충북대,T3 행동·정보,
충북대약대면접대비,약학,충북대,약학 · 충북대,T3 행동·정보,
충북대약대면접학원,약학,충북대,약학 · 충북대,T3 행동·정보,
충북대약대면접과외,약학,충북대,약학 · 충북대,T3 행동·정보,
충북대약대면접후기,약학,충북대,약학 · 충북대,T3 행동·정보,
충북약대면접,약학,충북대,약학 · 충북대,T1 핵심,
충북약학과면접,약학,충북대,약학 · 충북대,T1 핵심,
충북약대면접기출,약학,충북대,약학 · 충북대,T3 행동·정보,
충북약대면접문제,약학,충북대,약학 · 충북대,T3 행동·정보,
충북약대면접일,약학,충북대,약학 · 충북대,T3 행동·정보,
충북약대면접일정,약학,충북대,약학 · 충북대,T3 행동·정보,
충북약대면접준비,약학,충북대,약학 · 충북대,T3 행동·정보,
충북약대면접대비,약학,충북대,약학 · 충북대,T3 행동·정보,
충북약대면접학원,약학,충북대,약학 · 충북대,T3 행동·정보,
충북약대면접과외,약학,충북대,약학 · 충북대,T3 행동·정보,
충북약대면접후기,약학,충북대,약학 · 충북대,T3 행동·정보,
전남대약대면접,약학,전남대,약학 · 전남대,T1 핵심,
전남대약학과면접,약학,전남대,약학 · 전남대,T1 핵심,
전남대약대면접기출,약학,전남대,약학 · 전남대,T3 행동·정보,
전남대약대면접문제,약학,전남대,약학 · 전남대,T3 행동·정보,
전남대약대면접일,약학,전남대,약학 · 전남대,T3 행동·정보,
전남대약대면접일정,약학,전남대,약학 · 전남대,T3 행동·정보,
전남대약대면접준비,약학,전남대,약학 · 전남대,T3 행동·정보,
전남대약대면접대비,약학,전남대,약학 · 전남대,T3 행동·정보,
전남대약대면접학원,약학,전남대,약학 · 전남대,T3 행동·정보,
전남대약대면접과외,약학,전남대,약학 · 전남대,T3 행동·정보,
전남대약대면접후기,약학,전남대,약학 · 전남대,T3 행동·정보,
전남약대면접,약학,전남대,약학 · 전남대,T1 핵심,
전남약학과면접,약학,전남대,약학 · 전남대,T1 핵심,
전남약대면접기출,약학,전남대,약학 · 전남대,T3 행동·정보,
전남약대면접문제,약학,전남대,약학 · 전남대,T3 행동·정보,
전남약대면접일,약학,전남대,약학 · 전남대,T3 행동·정보,
전남약대면접일정,약학,전남대,약학 · 전남대,T3 행동·정보,
전남약대면접준비,약학,전남대,약학 · 전남대,T3 행동·정보,
전남약대면접대비,약학,전남대,약학 · 전남대,T3 행동·정보,
전남약대면접학원,약학,전남대,약학 · 전남대,T3 행동·정보,
전남약대면접과외,약학,전남대,약학 · 전남대,T3 행동·정보,
전남약대면접후기,약학,전남대,약학 · 전남대,T3 행동·정보,
전북대약대면접,약학,전북대,약학 · 전북대,T1 핵심,
전북대약학과면접,약학,전북대,약학 · 전북대,T1 핵심,
전북대약대면접기출,약학,전북대,약학 · 전북대,T3 행동·정보,
전북대약대면접문제,약학,전북대,약학 · 전북대,T3 행동·정보,
전북대약대면접일,약학,전북대,약학 · 전북대,T3 행동·정보,
전북대약대면접일정,약학,전북대,약학 · 전북대,T3 행동·정보,
전북대약대면접준비,약학,전북대,약학 · 전북대,T3 행동·정보,
전북대약대면접대비,약학,전북대,약학 · 전북대,T3 행동·정보,
전북대약대면접학원,약학,전북대,약학 · 전북대,T3 행동·정보,
전북대약대면접과외,약학,전북대,약학 · 전북대,T3 행동·정보,
전북대약대면접후기,약학,전북대,약학 · 전북대,T3 행동·정보,
전북약대면접,약학,전북대,약학 · 전북대,T1 핵심,
전북약학과면접,약학,전북대,약학 · 전북대,T1 핵심,
전북약대면접기출,약학,전북대,약학 · 전북대,T3 행동·정보,
전북약대면접문제,약학,전북대,약학 · 전북대,T3 행동·정보,
전북약대면접일,약학,전북대,약학 · 전북대,T3 행동·정보,
전북약대면접일정,약학,전북대,약학 · 전북대,T3 행동·정보,
전북약대면접준비,약학,전북대,약학 · 전북대,T3 행동·정보,
전북약대면접대비,약학,전북대,약학 · 전북대,T3 행동·정보,
전북약대면접학원,약학,전북대,약학 · 전북대,T3 행동·정보,
전북약대면접과외,약학,전북대,약학 · 전북대,T3 행동·정보,
전북약대면접후기,약학,전북대,약학 · 전북대,T3 행동·정보,
원광대약대면접,약학,원광대,약학 · 원광대,T1 핵심,
원광대약학과면접,약학,원광대,약학 · 원광대,T1 핵심,
원광대약대면접기출,약학,원광대,약학 · 원광대,T3 행동·정보,
원광대약대면접문제,약학,원광대,약학 · 원광대,T3 행동·정보,
원광대약대면접일,약학,원광대,약학 · 원광대,T3 행동·정보,
원광대약대면접일정,약학,원광대,약학 · 원광대,T3 행동·정보,
원광대약대면접준비,약학,원광대,약학 · 원광대,T3 행동·정보,
원광대약대면접대비,약학,원광대,약학 · 원광대,T3 행동·정보,
원광대약대면접학원,약학,원광대,약학 · 원광대,T3 행동·정보,
원광대약대면접과외,약학,원광대,약학 · 원광대,T3 행동·정보,
원광대약대면접후기,약학,원광대,약학 · 원광대,T3 행동·정보,
원광약대면접,약학,원광대,약학 · 원광대,T1 핵심,
원광약학과면접,약학,원광대,약학 · 원광대,T1 핵심,
원광약대면접기출,약학,원광대,약학 · 원광대,T3 행동·정보,
원광약대면접문제,약학,원광대,약학 · 원광대,T3 행동·정보,
원광약대면접일,약학,원광대,약학 · 원광대,T3 행동·정보,
원광약대면접일정,약학,원광대,약학 · 원광대,T3 행동·정보,
원광약대면접준비,약학,원광대,약학 · 원광대,T3 행동·정보,
원광약대면접대비,약학,원광대,약학 · 원광대,T3 행동·정보,
원광약대면접학원,약학,원광대,약학 · 원광대,T3 행동·정보,
원광약대면접과외,약학,원광대,약학 · 원광대,T3 행동·정보,
원광약대면접후기,약학,원광대,약학 · 원광대,T3 행동·정보,
우석대약대면접,약학,우석대,약학 · 우석대,T1 핵심,
우석대약학과면접,약학,우석대,약학 · 우석대,T1 핵심,
우석대약대면접기출,약학,우석대,약학 · 우석대,T3 행동·정보,
우석대약대면접문제,약학,우석대,약학 · 우석대,T3 행동·정보,
우석대약대면접일,약학,우석대,약학 · 우석대,T3 행동·정보,
우석대약대면접일정,약학,우석대,약학 · 우석대,T3 행동·정보,
우석대약대면접준비,약학,우석대,약학 · 우석대,T3 행동·정보,
우석대약대면접대비,약학,우석대,약학 · 우석대,T3 행동·정보,
우석대약대면접학원,약학,우석대,약학 · 우석대,T3 행동·정보,
우석대약대면접과외,약학,우석대,약학 · 우석대,T3 행동·정보,
우석대약대면접후기,약학,우석대,약학 · 우석대,T3 행동·정보,
우석약대면접,약학,우석대,약학 · 우석대,T1 핵심,
우석약학과면접,약학,우석대,약학 · 우석대,T1 핵심,
우석약대면접기출,약학,우석대,약학 · 우석대,T3 행동·정보,
우석약대면접문제,약학,우석대,약학 · 우석대,T3 행동·정보,
우석약대면접일,약학,우석대,약학 · 우석대,T3 행동·정보,
우석약대면접일정,약학,우석대,약학 · 우석대,T3 행동·정보,
우석약대면접준비,약학,우석대,약학 · 우석대,T3 행동·정보,
우석약대면접대비,약학,우석대,약학 · 우석대,T3 행동·정보,
우석약대면접학원,약학,우석대,약학 · 우석대,T3 행동·정보,
우석약대면접과외,약학,우석대,약학 · 우석대,T3 행동·정보,
우석약대면접후기,약학,우석대,약학 · 우석대,T3 행동·정보,
목포대약대면접,약학,목포대,약학 · 목포대,T1 핵심,
목포대약학과면접,약학,목포대,약학 · 목포대,T1 핵심,
목포대약대면접기출,약학,목포대,약학 · 목포대,T3 행동·정보,
목포대약대면접문제,약학,목포대,약학 · 목포대,T3 행동·정보,
목포대약대면접일,약학,목포대,약학 · 목포대,T3 행동·정보,
목포대약대면접일정,약학,목포대,약학 · 목포대,T3 행동·정보,
목포대약대면접준비,약학,목포대,약학 · 목포대,T3 행동·정보,
목포대약대면접대비,약학,목포대,약학 · 목포대,T3 행동·정보,
목포대약대면접학원,약학,목포대,약학 · 목포대,T3 행동·정보,
목포대약대면접과외,약학,목포대,약학 · 목포대,T3 행동·정보,
목포대약대면접후기,약학,목포대,약학 · 목포대,T3 행동·정보,
목포약대면접,약학,목포대,약학 · 목포대,T1 핵심,
목포약학과면접,약학,목포대,약학 · 목포대,T1 핵심,
목포약대면접기출,약학,목포대,약학 · 목포대,T3 행동·정보,
목포약대면접문제,약학,목포대,약학 · 목포대,T3 행동·정보,
목포약대면접일,약학,목포대,약학 · 목포대,T3 행동·정보,
목포약대면접일정,약학,목포대,약학 · 목포대,T3 행동·정보,
목포약대면접준비,약학,목포대,약학 · 목포대,T3 행동·정보,
목포약대면접대비,약학,목포대,약학 · 목포대,T3 행동·정보,
목포약대면접학원,약학,목포대,약학 · 목포대,T3 행동·정보,
목포약대면접과외,약학,목포대,약학 · 목포대,T3 행동·정보,
목포약대면접후기,약학,목포대,약학 · 목포대,T3 행동·정보,
순천대약대면접,약학,국립순천대,약학 · 국립순천대,T1 핵심,순천향대와 혼동
순천대약학과면접,약학,국립순천대,약학 · 국립순천대,T1 핵심,순천향대와 혼동
순천대약대면접기출,약학,국립순천대,약학 · 국립순천대,T3 행동·정보,순천향대와 혼동
순천대약대면접문제,약학,국립순천대,약학 · 국립순천대,T3 행동·정보,순천향대와 혼동
순천대약대면접일,약학,국립순천대,약학 · 국립순천대,T3 행동·정보,순천향대와 혼동
순천대약대면접일정,약학,국립순천대,약학 · 국립순천대,T3 행동·정보,순천향대와 혼동
순천대약대면접준비,약학,국립순천대,약학 · 국립순천대,T3 행동·정보,순천향대와 혼동
순천대약대면접대비,약학,국립순천대,약학 · 국립순천대,T3 행동·정보,순천향대와 혼동
순천대약대면접학원,약학,국립순천대,약학 · 국립순천대,T3 행동·정보,순천향대와 혼동
순천대약대면접과외,약학,국립순천대,약학 · 국립순천대,T3 행동·정보,순천향대와 혼동
순천대약대면접후기,약학,국립순천대,약학 · 국립순천대,T3 행동·정보,순천향대와 혼동
국립순천대약대면접,약학,국립순천대,약학 · 국립순천대,T1 핵심,
국립순천대약학과면접,약학,국립순천대,약학 · 국립순천대,T1 핵심,
국립순천대약대면접기출,약학,국립순천대,약학 · 국립순천대,T3 행동·정보,
국립순천대약대면접문제,약학,국립순천대,약학 · 국립순천대,T3 행동·정보,
국립순천대약대면접일,약학,국립순천대,약학 · 국립순천대,T3 행동·정보,
국립순천대약대면접일정,약학,국립순천대,약학 · 국립순천대,T3 행동·정보,
국립순천대약대면접준비,약학,국립순천대,약학 · 국립순천대,T3 행동·정보,
국립순천대약대면접대비,약학,국립순천대,약학 · 국립순천대,T3 행동·정보,
국립순천대약대면접학원,약학,국립순천대,약학 · 국립순천대,T3 행동·정보,
국립순천대약대면접과외,약학,국립순천대,약학 · 국립순천대,T3 행동·정보,
국립순천대약대면접후기,약학,국립순천대,약학 · 국립순천대,T3 행동·정보,
수의대면접,수의예,(공통),수의예 공통,T0,
수의대면접학원,수의예,(공통),수의예 공통,T0,
수의대면접과외,수의예,(공통),수의예 공통,T0,
수의대면접준비,수의예,(공통),수의예 공통,T0,
수의대면접대비,수의예,(공통),수의예 공통,T0,
수의대면접기출,수의예,(공통),수의예 공통,T0,
수의대면접일정,수의예,(공통),수의예 공통,T0,
수의대면접후기,수의예,(공통),수의예 공통,T0,
수의대면접유형,수의예,(공통),수의예 공통,T0,
수의대수시면접,수의예,(공통),수의예 공통,T0,
수의대mmi면접,수의예,(공통),수의예 공통,T0,
수의대인적성면접,수의예,(공통),수의예 공통,T0,
수의예과면접,수의예,(공통),수의예 공통,T0,
수의예과면접학원,수의예,(공통),수의예 공통,T0,
수의예과면접과외,수의예,(공통),수의예 공통,T0,
수의예과면접준비,수의예,(공통),수의예 공통,T0,
수의예과면접대비,수의예,(공통),수의예 공통,T0,
수의예과면접기출,수의예,(공통),수의예 공통,T0,
수의예과면접일정,수의예,(공통),수의예 공통,T0,
수의예과면접후기,수의예,(공통),수의예 공통,T0,
수의예과면접유형,수의예,(공통),수의예 공통,T0,
수의예과수시면접,수의예,(공통),수의예 공통,T0,
수의예과mmi면접,수의예,(공통),수의예 공통,T0,
수의예과인적성면접,수의예,(공통),수의예 공통,T0,
수의학과면접,수의예,(공통),수의예 공통,T0,
수의학과면접학원,수의예,(공통),수의예 공통,T0,
수의학과면접과외,수의예,(공통),수의예 공통,T0,
수의학과면접준비,수의예,(공통),수의예 공통,T0,
수의학과면접대비,수의예,(공통),수의예 공통,T0,
수의학과면접기출,수의예,(공통),수의예 공통,T0,
수의학과면접일정,수의예,(공통),수의예 공통,T0,
수의학과면접후기,수의예,(공통),수의예 공통,T0,
수의학과면접유형,수의예,(공통),수의예 공통,T0,
수의학과수시면접,수의예,(공통),수의예 공통,T0,
수의학과mmi면접,수의예,(공통),수의예 공통,T0,
수의학과인적성면접,수의예,(공통),수의예 공통,T0,
서울대수의대면접,수의예,서울대,수의예 · 서울대,T1 핵심,
서울대수의예과면접,수의예,서울대,수의예 · 서울대,T1 핵심,
서울대수의학과면접,수의예,서울대,수의예 · 서울대,T1 핵심,
서울대수의대면접기출,수의예,서울대,수의예 · 서울대,T3 행동·정보,
서울대수의대면접문제,수의예,서울대,수의예 · 서울대,T3 행동·정보,
서울대수의대면접일,수의예,서울대,수의예 · 서울대,T3 행동·정보,
서울대수의대면접일정,수의예,서울대,수의예 · 서울대,T3 행동·정보,
서울대수의대면접준비,수의예,서울대,수의예 · 서울대,T3 행동·정보,
서울대수의대면접대비,수의예,서울대,수의예 · 서울대,T3 행동·정보,
서울대수의대면접학원,수의예,서울대,수의예 · 서울대,T3 행동·정보,
서울대수의대면접과외,수의예,서울대,수의예 · 서울대,T3 행동·정보,
서울대수의대면접후기,수의예,서울대,수의예 · 서울대,T3 행동·정보,
서울수의대면접,수의예,서울대,수의예 · 서울대,T1 핵심,
서울수의예과면접,수의예,서울대,수의예 · 서울대,T1 핵심,
서울수의학과면접,수의예,서울대,수의예 · 서울대,T1 핵심,
서울수의대면접기출,수의예,서울대,수의예 · 서울대,T3 행동·정보,
서울수의대면접문제,수의예,서울대,수의예 · 서울대,T3 행동·정보,
서울수의대면접일,수의예,서울대,수의예 · 서울대,T3 행동·정보,
서울수의대면접일정,수의예,서울대,수의예 · 서울대,T3 행동·정보,
서울수의대면접준비,수의예,서울대,수의예 · 서울대,T3 행동·정보,
서울수의대면접대비,수의예,서울대,수의예 · 서울대,T3 행동·정보,
서울수의대면접학원,수의예,서울대,수의예 · 서울대,T3 행동·정보,
서울수의대면접과외,수의예,서울대,수의예 · 서울대,T3 행동·정보,
서울수의대면접후기,수의예,서울대,수의예 · 서울대,T3 행동·정보,
건국대수의대면접,수의예,건국대,수의예 · 건국대,T1 핵심,
건국대수의예과면접,수의예,건국대,수의예 · 건국대,T1 핵심,
건국대수의학과면접,수의예,건국대,수의예 · 건국대,T1 핵심,
건국대수의대면접기출,수의예,건국대,수의예 · 건국대,T3 행동·정보,
건국대수의대면접문제,수의예,건국대,수의예 · 건국대,T3 행동·정보,
건국대수의대면접일,수의예,건국대,수의예 · 건국대,T3 행동·정보,
건국대수의대면접일정,수의예,건국대,수의예 · 건국대,T3 행동·정보,
건국대수의대면접준비,수의예,건국대,수의예 · 건국대,T3 행동·정보,
건국대수의대면접대비,수의예,건국대,수의예 · 건국대,T3 행동·정보,
건국대수의대면접학원,수의예,건국대,수의예 · 건국대,T3 행동·정보,
건국대수의대면접과외,수의예,건국대,수의예 · 건국대,T3 행동·정보,
건국대수의대면접후기,수의예,건국대,수의예 · 건국대,T3 행동·정보,
건대수의대면접,수의예,건국대,수의예 · 건국대,T1 핵심,
건대수의예과면접,수의예,건국대,수의예 · 건국대,T1 핵심,
건대수의학과면접,수의예,건국대,수의예 · 건국대,T1 핵심,
건대수의대면접기출,수의예,건국대,수의예 · 건국대,T3 행동·정보,
건대수의대면접문제,수의예,건국대,수의예 · 건국대,T3 행동·정보,
건대수의대면접일,수의예,건국대,수의예 · 건국대,T3 행동·정보,
건대수의대면접일정,수의예,건국대,수의예 · 건국대,T3 행동·정보,
건대수의대면접준비,수의예,건국대,수의예 · 건국대,T3 행동·정보,
건대수의대면접대비,수의예,건국대,수의예 · 건국대,T3 행동·정보,
건대수의대면접학원,수의예,건국대,수의예 · 건국대,T3 행동·정보,
건대수의대면접과외,수의예,건국대,수의예 · 건국대,T3 행동·정보,
건대수의대면접후기,수의예,건국대,수의예 · 건국대,T3 행동·정보,
건국수의대면접,수의예,건국대,수의예 · 건국대,T1 핵심,
건국수의예과면접,수의예,건국대,수의예 · 건국대,T1 핵심,
건국수의학과면접,수의예,건국대,수의예 · 건국대,T1 핵심,
건국수의대면접기출,수의예,건국대,수의예 · 건국대,T3 행동·정보,
건국수의대면접문제,수의예,건국대,수의예 · 건국대,T3 행동·정보,
건국수의대면접일,수의예,건국대,수의예 · 건국대,T3 행동·정보,
건국수의대면접일정,수의예,건국대,수의예 · 건국대,T3 행동·정보,
건국수의대면접준비,수의예,건국대,수의예 · 건국대,T3 행동·정보,
건국수의대면접대비,수의예,건국대,수의예 · 건국대,T3 행동·정보,
건국수의대면접학원,수의예,건국대,수의예 · 건국대,T3 행동·정보,
건국수의대면접과외,수의예,건국대,수의예 · 건국대,T3 행동·정보,
건국수의대면접후기,수의예,건국대,수의예 · 건국대,T3 행동·정보,
경북대수의대면접,수의예,경북대,수의예 · 경북대,T1 핵심,
경북대수의예과면접,수의예,경북대,수의예 · 경북대,T1 핵심,
경북대수의학과면접,수의예,경북대,수의예 · 경북대,T1 핵심,
경북대수의대면접기출,수의예,경북대,수의예 · 경북대,T3 행동·정보,
경북대수의대면접문제,수의예,경북대,수의예 · 경북대,T3 행동·정보,
경북대수의대면접일,수의예,경북대,수의예 · 경북대,T3 행동·정보,
경북대수의대면접일정,수의예,경북대,수의예 · 경북대,T3 행동·정보,
경북대수의대면접준비,수의예,경북대,수의예 · 경북대,T3 행동·정보,
경북대수의대면접대비,수의예,경북대,수의예 · 경북대,T3 행동·정보,
경북대수의대면접학원,수의예,경북대,수의예 · 경북대,T3 행동·정보,
경북대수의대면접과외,수의예,경북대,수의예 · 경북대,T3 행동·정보,
경북대수의대면접후기,수의예,경북대,수의예 · 경북대,T3 행동·정보,
경북수의대면접,수의예,경북대,수의예 · 경북대,T1 핵심,
경북수의예과면접,수의예,경북대,수의예 · 경북대,T1 핵심,
경북수의학과면접,수의예,경북대,수의예 · 경북대,T1 핵심,
경북수의대면접기출,수의예,경북대,수의예 · 경북대,T3 행동·정보,
경북수의대면접문제,수의예,경북대,수의예 · 경북대,T3 행동·정보,
경북수의대면접일,수의예,경북대,수의예 · 경북대,T3 행동·정보,
경북수의대면접일정,수의예,경북대,수의예 · 경북대,T3 행동·정보,
경북수의대면접준비,수의예,경북대,수의예 · 경북대,T3 행동·정보,
경북수의대면접대비,수의예,경북대,수의예 · 경북대,T3 행동·정보,
경북수의대면접학원,수의예,경북대,수의예 · 경북대,T3 행동·정보,
경북수의대면접과외,수의예,경북대,수의예 · 경북대,T3 행동·정보,
경북수의대면접후기,수의예,경북대,수의예 · 경북대,T3 행동·정보,
경상국립대수의대면접,수의예,경상국립대,수의예 · 경상국립대,T1 핵심,
경상국립대수의예과면접,수의예,경상국립대,수의예 · 경상국립대,T1 핵심,
경상국립대수의학과면접,수의예,경상국립대,수의예 · 경상국립대,T1 핵심,
경상국립대수의대면접기출,수의예,경상국립대,수의예 · 경상국립대,T3 행동·정보,
경상국립대수의대면접문제,수의예,경상국립대,수의예 · 경상국립대,T3 행동·정보,
경상국립대수의대면접일,수의예,경상국립대,수의예 · 경상국립대,T3 행동·정보,
경상국립대수의대면접일정,수의예,경상국립대,수의예 · 경상국립대,T3 행동·정보,
경상국립대수의대면접준비,수의예,경상국립대,수의예 · 경상국립대,T3 행동·정보,
경상국립대수의대면접대비,수의예,경상국립대,수의예 · 경상국립대,T3 행동·정보,
경상국립대수의대면접학원,수의예,경상국립대,수의예 · 경상국립대,T3 행동·정보,
경상국립대수의대면접과외,수의예,경상국립대,수의예 · 경상국립대,T3 행동·정보,
경상국립대수의대면접후기,수의예,경상국립대,수의예 · 경상국립대,T3 행동·정보,
경상대수의대면접,수의예,경상국립대,수의예 · 경상국립대,T1 핵심,
경상대수의예과면접,수의예,경상국립대,수의예 · 경상국립대,T1 핵심,
경상대수의학과면접,수의예,경상국립대,수의예 · 경상국립대,T1 핵심,
경상대수의대면접기출,수의예,경상국립대,수의예 · 경상국립대,T3 행동·정보,
경상대수의대면접문제,수의예,경상국립대,수의예 · 경상국립대,T3 행동·정보,
경상대수의대면접일,수의예,경상국립대,수의예 · 경상국립대,T3 행동·정보,
경상대수의대면접일정,수의예,경상국립대,수의예 · 경상국립대,T3 행동·정보,
경상대수의대면접준비,수의예,경상국립대,수의예 · 경상국립대,T3 행동·정보,
경상대수의대면접대비,수의예,경상국립대,수의예 · 경상국립대,T3 행동·정보,
경상대수의대면접학원,수의예,경상국립대,수의예 · 경상국립대,T3 행동·정보,
경상대수의대면접과외,수의예,경상국립대,수의예 · 경상국립대,T3 행동·정보,
경상대수의대면접후기,수의예,경상국립대,수의예 · 경상국립대,T3 행동·정보,
경상국립수의대면접,수의예,경상국립대,수의예 · 경상국립대,T1 핵심,
경상국립수의예과면접,수의예,경상국립대,수의예 · 경상국립대,T1 핵심,
경상국립수의학과면접,수의예,경상국립대,수의예 · 경상국립대,T1 핵심,
경상국립수의대면접기출,수의예,경상국립대,수의예 · 경상국립대,T3 행동·정보,
경상국립수의대면접문제,수의예,경상국립대,수의예 · 경상국립대,T3 행동·정보,
경상국립수의대면접일,수의예,경상국립대,수의예 · 경상국립대,T3 행동·정보,
경상국립수의대면접일정,수의예,경상국립대,수의예 · 경상국립대,T3 행동·정보,
경상국립수의대면접준비,수의예,경상국립대,수의예 · 경상국립대,T3 행동·정보,
경상국립수의대면접대비,수의예,경상국립대,수의예 · 경상국립대,T3 행동·정보,
경상국립수의대면접학원,수의예,경상국립대,수의예 · 경상국립대,T3 행동·정보,
경상국립수의대면접과외,수의예,경상국립대,수의예 · 경상국립대,T3 행동·정보,
경상국립수의대면접후기,수의예,경상국립대,수의예 · 경상국립대,T3 행동·정보,
충남대수의대면접,수의예,충남대,수의예 · 충남대,T1 핵심,
충남대수의예과면접,수의예,충남대,수의예 · 충남대,T1 핵심,
충남대수의학과면접,수의예,충남대,수의예 · 충남대,T1 핵심,
충남대수의대면접기출,수의예,충남대,수의예 · 충남대,T3 행동·정보,
충남대수의대면접문제,수의예,충남대,수의예 · 충남대,T3 행동·정보,
충남대수의대면접일,수의예,충남대,수의예 · 충남대,T3 행동·정보,
충남대수의대면접일정,수의예,충남대,수의예 · 충남대,T3 행동·정보,
충남대수의대면접준비,수의예,충남대,수의예 · 충남대,T3 행동·정보,
충남대수의대면접대비,수의예,충남대,수의예 · 충남대,T3 행동·정보,
충남대수의대면접학원,수의예,충남대,수의예 · 충남대,T3 행동·정보,
충남대수의대면접과외,수의예,충남대,수의예 · 충남대,T3 행동·정보,
충남대수의대면접후기,수의예,충남대,수의예 · 충남대,T3 행동·정보,
충남수의대면접,수의예,충남대,수의예 · 충남대,T1 핵심,
충남수의예과면접,수의예,충남대,수의예 · 충남대,T1 핵심,
충남수의학과면접,수의예,충남대,수의예 · 충남대,T1 핵심,
충남수의대면접기출,수의예,충남대,수의예 · 충남대,T3 행동·정보,
충남수의대면접문제,수의예,충남대,수의예 · 충남대,T3 행동·정보,
충남수의대면접일,수의예,충남대,수의예 · 충남대,T3 행동·정보,
충남수의대면접일정,수의예,충남대,수의예 · 충남대,T3 행동·정보,
충남수의대면접준비,수의예,충남대,수의예 · 충남대,T3 행동·정보,
충남수의대면접대비,수의예,충남대,수의예 · 충남대,T3 행동·정보,
충남수의대면접학원,수의예,충남대,수의예 · 충남대,T3 행동·정보,
충남수의대면접과외,수의예,충남대,수의예 · 충남대,T3 행동·정보,
충남수의대면접후기,수의예,충남대,수의예 · 충남대,T3 행동·정보,
충북대수의대면접,수의예,충북대,수의예 · 충북대,T1 핵심,
충북대수의예과면접,수의예,충북대,수의예 · 충북대,T1 핵심,
충북대수의학과면접,수의예,충북대,수의예 · 충북대,T1 핵심,
충북대수의대면접기출,수의예,충북대,수의예 · 충북대,T3 행동·정보,
충북대수의대면접문제,수의예,충북대,수의예 · 충북대,T3 행동·정보,
충북대수의대면접일,수의예,충북대,수의예 · 충북대,T3 행동·정보,
충북대수의대면접일정,수의예,충북대,수의예 · 충북대,T3 행동·정보,
충북대수의대면접준비,수의예,충북대,수의예 · 충북대,T3 행동·정보,
충북대수의대면접대비,수의예,충북대,수의예 · 충북대,T3 행동·정보,
충북대수의대면접학원,수의예,충북대,수의예 · 충북대,T3 행동·정보,
충북대수의대면접과외,수의예,충북대,수의예 · 충북대,T3 행동·정보,
충북대수의대면접후기,수의예,충북대,수의예 · 충북대,T3 행동·정보,
충북수의대면접,수의예,충북대,수의예 · 충북대,T1 핵심,
충북수의예과면접,수의예,충북대,수의예 · 충북대,T1 핵심,
충북수의학과면접,수의예,충북대,수의예 · 충북대,T1 핵심,
충북수의대면접기출,수의예,충북대,수의예 · 충북대,T3 행동·정보,
충북수의대면접문제,수의예,충북대,수의예 · 충북대,T3 행동·정보,
충북수의대면접일,수의예,충북대,수의예 · 충북대,T3 행동·정보,
충북수의대면접일정,수의예,충북대,수의예 · 충북대,T3 행동·정보,
충북수의대면접준비,수의예,충북대,수의예 · 충북대,T3 행동·정보,
충북수의대면접대비,수의예,충북대,수의예 · 충북대,T3 행동·정보,
충북수의대면접학원,수의예,충북대,수의예 · 충북대,T3 행동·정보,
충북수의대면접과외,수의예,충북대,수의예 · 충북대,T3 행동·정보,
충북수의대면접후기,수의예,충북대,수의예 · 충북대,T3 행동·정보,
전남대수의대면접,수의예,전남대,수의예 · 전남대,T1 핵심,
전남대수의예과면접,수의예,전남대,수의예 · 전남대,T1 핵심,
전남대수의학과면접,수의예,전남대,수의예 · 전남대,T1 핵심,
전남대수의대면접기출,수의예,전남대,수의예 · 전남대,T3 행동·정보,
전남대수의대면접문제,수의예,전남대,수의예 · 전남대,T3 행동·정보,
전남대수의대면접일,수의예,전남대,수의예 · 전남대,T3 행동·정보,
전남대수의대면접일정,수의예,전남대,수의예 · 전남대,T3 행동·정보,
전남대수의대면접준비,수의예,전남대,수의예 · 전남대,T3 행동·정보,
전남대수의대면접대비,수의예,전남대,수의예 · 전남대,T3 행동·정보,
전남대수의대면접학원,수의예,전남대,수의예 · 전남대,T3 행동·정보,
전남대수의대면접과외,수의예,전남대,수의예 · 전남대,T3 행동·정보,
전남대수의대면접후기,수의예,전남대,수의예 · 전남대,T3 행동·정보,
전남수의대면접,수의예,전남대,수의예 · 전남대,T1 핵심,
전남수의예과면접,수의예,전남대,수의예 · 전남대,T1 핵심,
전남수의학과면접,수의예,전남대,수의예 · 전남대,T1 핵심,
전남수의대면접기출,수의예,전남대,수의예 · 전남대,T3 행동·정보,
전남수의대면접문제,수의예,전남대,수의예 · 전남대,T3 행동·정보,
전남수의대면접일,수의예,전남대,수의예 · 전남대,T3 행동·정보,
전남수의대면접일정,수의예,전남대,수의예 · 전남대,T3 행동·정보,
전남수의대면접준비,수의예,전남대,수의예 · 전남대,T3 행동·정보,
전남수의대면접대비,수의예,전남대,수의예 · 전남대,T3 행동·정보,
전남수의대면접학원,수의예,전남대,수의예 · 전남대,T3 행동·정보,
전남수의대면접과외,수의예,전남대,수의예 · 전남대,T3 행동·정보,
전남수의대면접후기,수의예,전남대,수의예 · 전남대,T3 행동·정보,
전북대수의대면접,수의예,전북대,수의예 · 전북대,T1 핵심,
전북대수의예과면접,수의예,전북대,수의예 · 전북대,T1 핵심,
전북대수의학과면접,수의예,전북대,수의예 · 전북대,T1 핵심,
전북대수의대면접기출,수의예,전북대,수의예 · 전북대,T3 행동·정보,
전북대수의대면접문제,수의예,전북대,수의예 · 전북대,T3 행동·정보,
전북대수의대면접일,수의예,전북대,수의예 · 전북대,T3 행동·정보,
전북대수의대면접일정,수의예,전북대,수의예 · 전북대,T3 행동·정보,
전북대수의대면접준비,수의예,전북대,수의예 · 전북대,T3 행동·정보,
전북대수의대면접대비,수의예,전북대,수의예 · 전북대,T3 행동·정보,
전북대수의대면접학원,수의예,전북대,수의예 · 전북대,T3 행동·정보,
전북대수의대면접과외,수의예,전북대,수의예 · 전북대,T3 행동·정보,
전북대수의대면접후기,수의예,전북대,수의예 · 전북대,T3 행동·정보,
전북수의대면접,수의예,전북대,수의예 · 전북대,T1 핵심,
전북수의예과면접,수의예,전북대,수의예 · 전북대,T1 핵심,
전북수의학과면접,수의예,전북대,수의예 · 전북대,T1 핵심,
전북수의대면접기출,수의예,전북대,수의예 · 전북대,T3 행동·정보,
전북수의대면접문제,수의예,전북대,수의예 · 전북대,T3 행동·정보,
전북수의대면접일,수의예,전북대,수의예 · 전북대,T3 행동·정보,
전북수의대면접일정,수의예,전북대,수의예 · 전북대,T3 행동·정보,
전북수의대면접준비,수의예,전북대,수의예 · 전북대,T3 행동·정보,
전북수의대면접대비,수의예,전북대,수의예 · 전북대,T3 행동·정보,
전북수의대면접학원,수의예,전북대,수의예 · 전북대,T3 행동·정보,
전북수의대면접과외,수의예,전북대,수의예 · 전북대,T3 행동·정보,
전북수의대면접후기,수의예,전북대,수의예 · 전북대,T3 행동·정보,
강원대수의대면접,수의예,강원대,수의예 · 강원대,T1 핵심,
강원대수의예과면접,수의예,강원대,수의예 · 강원대,T1 핵심,
강원대수의학과면접,수의예,강원대,수의예 · 강원대,T1 핵심,
강원대수의대면접기출,수의예,강원대,수의예 · 강원대,T3 행동·정보,
강원대수의대면접문제,수의예,강원대,수의예 · 강원대,T3 행동·정보,
강원대수의대면접일,수의예,강원대,수의예 · 강원대,T3 행동·정보,
강원대수의대면접일정,수의예,강원대,수의예 · 강원대,T3 행동·정보,
강원대수의대면접준비,수의예,강원대,수의예 · 강원대,T3 행동·정보,
강원대수의대면접대비,수의예,강원대,수의예 · 강원대,T3 행동·정보,
강원대수의대면접학원,수의예,강원대,수의예 · 강원대,T3 행동·정보,
강원대수의대면접과외,수의예,강원대,수의예 · 강원대,T3 행동·정보,
강원대수의대면접후기,수의예,강원대,수의예 · 강원대,T3 행동·정보,
강원수의대면접,수의예,강원대,수의예 · 강원대,T1 핵심,
강원수의예과면접,수의예,강원대,수의예 · 강원대,T1 핵심,
강원수의학과면접,수의예,강원대,수의예 · 강원대,T1 핵심,
강원수의대면접기출,수의예,강원대,수의예 · 강원대,T3 행동·정보,
강원수의대면접문제,수의예,강원대,수의예 · 강원대,T3 행동·정보,
강원수의대면접일,수의예,강원대,수의예 · 강원대,T3 행동·정보,
강원수의대면접일정,수의예,강원대,수의예 · 강원대,T3 행동·정보,
강원수의대면접준비,수의예,강원대,수의예 · 강원대,T3 행동·정보,
강원수의대면접대비,수의예,강원대,수의예 · 강원대,T3 행동·정보,
강원수의대면접학원,수의예,강원대,수의예 · 강원대,T3 행동·정보,
강원수의대면접과외,수의예,강원대,수의예 · 강원대,T3 행동·정보,
강원수의대면접후기,수의예,강원대,수의예 · 강원대,T3 행동·정보,
제주대수의대면접,수의예,제주대,수의예 · 제주대,T1 핵심,
제주대수의예과면접,수의예,제주대,수의예 · 제주대,T1 핵심,
제주대수의학과면접,수의예,제주대,수의예 · 제주대,T1 핵심,
제주대수의대면접기출,수의예,제주대,수의예 · 제주대,T3 행동·정보,
제주대수의대면접문제,수의예,제주대,수의예 · 제주대,T3 행동·정보,
제주대수의대면접일,수의예,제주대,수의예 · 제주대,T3 행동·정보,
제주대수의대면접일정,수의예,제주대,수의예 · 제주대,T3 행동·정보,
제주대수의대면접준비,수의예,제주대,수의예 · 제주대,T3 행동·정보,
제주대수의대면접대비,수의예,제주대,수의예 · 제주대,T3 행동·정보,
제주대수의대면접학원,수의예,제주대,수의예 · 제주대,T3 행동·정보,
제주대수의대면접과외,수의예,제주대,수의예 · 제주대,T3 행동·정보,
제주대수의대면접후기,수의예,제주대,수의예 · 제주대,T3 행동·정보,
제주수의대면접,수의예,제주대,수의예 · 제주대,T1 핵심,
제주수의예과면접,수의예,제주대,수의예 · 제주대,T1 핵심,
제주수의학과면접,수의예,제주대,수의예 · 제주대,T1 핵심,
제주수의대면접기출,수의예,제주대,수의예 · 제주대,T3 행동·정보,
제주수의대면접문제,수의예,제주대,수의예 · 제주대,T3 행동·정보,
제주수의대면접일,수의예,제주대,수의예 · 제주대,T3 행동·정보,
제주수의대면접일정,수의예,제주대,수의예 · 제주대,T3 행동·정보,
제주수의대면접준비,수의예,제주대,수의예 · 제주대,T3 행동·정보,
제주수의대면접대비,수의예,제주대,수의예 · 제주대,T3 행동·정보,
제주수의대면접학원,수의예,제주대,수의예 · 제주대,T3 행동·정보,
제주수의대면접과외,수의예,제주대,수의예 · 제주대,T3 행동·정보,
제주수의대면접후기,수의예,제주대,수의예 · 제주대,T3 행동·정보,
